SGB,Sample1,Sample2
t__SGB10068,ERR14760447,ERR14760576
t__SGB10068,ERR14760447,ERR14760847
t__SGB10068,ERR14760447,ERR14760637
t__SGB10068,ERR14760447,ERR14760865
t__SGB10068,ERR14760447,ERR14760710
t__SGB10068,ERR14760447,ERR14760611
t__SGB10068,ERR14760576,ERR14760710
t__SGB10068,ERR14760576,ERR14760611
t__SGB10068,ERR14760441,ERR14760447
t__SGB10068,ERR14760441,ERR14760847
t__SGB10068,ERR14760441,ERR14760637
t__SGB10068,ERR14760441,ERR14760606
t__SGB10068,ERR14760441,ERR14760865
t__SGB10068,ERR14760441,ERR14760710
t__SGB10068,ERR14760441,ERR14760611
t__SGB10068,ERR14760637,ERR14760847
t__SGB10068,ERR14760637,ERR14760710
t__SGB10068,ERR14760606,ERR14760847
t__SGB10068,ERR14760606,ERR14760637
t__SGB10068,ERR14760710,ERR14760847
t__SGB10068,ERR14760710,ERR14760865
t__SGB10068,ERR14760611,ERR14760865
t__SGB10068,ERR14760611,ERR14760710
t__SGB10068,ERR14760724,ERR14760771
t__SGB10068,ERR14760770,ERR14760810
t__SGB13976,C11,U6
t__SGB13976,C11,Z8
t__SGB13976,C11,Z6
t__SGB13976,C11,U7
t__SGB13976,C11,Z11
t__SGB13976,U6,U9
t__SGB13976,U6,Z11
t__SGB13976,C10,C4
t__SGB13976,Z6,Z8
t__SGB13976,U7,Z8
t__SGB13976,U7,Z6
t__SGB13976,U7,Z11
t__SGB13976,U7,Z12
t__SGB13976,C5,Z11
t__SGB13976,C6,Z11
t__SGB13976,U8,Z11
t__SGB13976,C7,U8
t__SGB13976,Z11,Z8
t__SGB13976,Z11,Z6
t__SGB13976,Z11,Z12
t__SGB13976,Z12,Z6
t__SGB14306,C4,Z8
t__SGB14306,ERR14760628,ERR14760810
t__SGB14306,ERR14760628,ERR14760644
t__SGB14306,ERR14760644,ERR14760810
t__SGB14306,U7,Z12
t__SGB14306,ERR14760581,ERR14760864
t__SGB14311,C6,Z10
t__SGB14311,C6,Z6
t__SGB14311,C6,U9
t__SGB14311,C6,C8
t__SGB14311,ERR14760509,ERR14760847
t__SGB14311,Z10,Z6
t__SGB14311,C7,Z10
t__SGB14311,C7,Z6
t__SGB14311,ERR14760447,ERR14760648
t__SGB14311,U7,Z5
t__SGB14311,U9,Z5
t__SGB14311,C8,Z6
t__SGB14311,C8,U9
t__SGB14313,C8,Z12
t__SGB1437,U9,Z3
t__SGB1437,U7,Z10
t__SGB1437,U6,U8
t__SGB1437,ERR14760695,ERR14760864
t__SGB14535_group,C9,U12
t__SGB14535_group,C9,U9
t__SGB14535_group,C9,Z9
t__SGB14535_group,C9,Z10
t__SGB14535_group,C9,Z11
t__SGB14535_group,C9,U11
t__SGB14535_group,C9,Z8
t__SGB14535_group,C9,Z3
t__SGB14535_group,C9,Z7
t__SGB14535_group,C9,U5
t__SGB14535_group,C9,Z4
t__SGB14535_group,C8,C9
t__SGB14535_group,C8,U12
t__SGB14535_group,C8,U9
t__SGB14535_group,C8,Z1
t__SGB14535_group,C8,Z9
t__SGB14535_group,C8,Z10
t__SGB14535_group,C8,Z11
t__SGB14535_group,C8,U11
t__SGB14535_group,C8,Z3
t__SGB14535_group,C8,Z7
t__SGB14535_group,C8,U5
t__SGB14535_group,C8,Z4
t__SGB14535_group,U12,U9
t__SGB14535_group,U12,Z1
t__SGB14535_group,U12,Z9
t__SGB14535_group,U12,Z10
t__SGB14535_group,U12,Z11
t__SGB14535_group,U12,Z8
t__SGB14535_group,U12,Z3
t__SGB14535_group,U12,Z7
t__SGB14535_group,U12,Z5
t__SGB14535_group,U12,U5
t__SGB14535_group,U12,Z4
t__SGB14535_group,C4,C9
t__SGB14535_group,C4,C8
t__SGB14535_group,C4,U12
t__SGB14535_group,C4,C6
t__SGB14535_group,C4,U9
t__SGB14535_group,C4,Z1
t__SGB14535_group,C4,Z9
t__SGB14535_group,C4,Z10
t__SGB14535_group,C4,U11
t__SGB14535_group,C4,Z4
t__SGB14535_group,C4,C5
t__SGB14535_group,C1,C9
t__SGB14535_group,C1,C8
t__SGB14535_group,C1,U12
t__SGB14535_group,C1,C4
t__SGB14535_group,C1,C6
t__SGB14535_group,C1,U9
t__SGB14535_group,C1,Z1
t__SGB14535_group,C1,C11
t__SGB14535_group,C1,Z9
t__SGB14535_group,C1,C3
t__SGB14535_group,C1,Z10
t__SGB14535_group,C1,U11
t__SGB14535_group,C1,Z4
t__SGB14535_group,C1,C5
t__SGB14535_group,C6,C9
t__SGB14535_group,C6,C8
t__SGB14535_group,C6,U12
t__SGB14535_group,C6,U9
t__SGB14535_group,C6,Z1
t__SGB14535_group,C6,Z9
t__SGB14535_group,C6,Z10
t__SGB14535_group,C6,Z11
t__SGB14535_group,C6,U11
t__SGB14535_group,C6,Z4
t__SGB14535_group,U9,Z1
t__SGB14535_group,U9,Z9
t__SGB14535_group,U9,Z10
t__SGB14535_group,U9,Z11
t__SGB14535_group,U9,Z7
t__SGB14535_group,U9,Z4
t__SGB14535_group,Z1,Z9
t__SGB14535_group,Z1,Z10
t__SGB14535_group,Z1,Z4
t__SGB14535_group,C11,C9
t__SGB14535_group,C11,C8
t__SGB14535_group,C11,U12
t__SGB14535_group,C11,C4
t__SGB14535_group,C11,C6
t__SGB14535_group,C11,U9
t__SGB14535_group,C11,Z1
t__SGB14535_group,C11,Z9
t__SGB14535_group,C11,C3
t__SGB14535_group,C11,Z10
t__SGB14535_group,C11,U11
t__SGB14535_group,C11,Z4
t__SGB14535_group,C11,C5
t__SGB14535_group,C3,C9
t__SGB14535_group,C3,C8
t__SGB14535_group,C3,U12
t__SGB14535_group,C3,C4
t__SGB14535_group,C3,C6
t__SGB14535_group,C3,U9
t__SGB14535_group,C3,Z1
t__SGB14535_group,C3,Z9
t__SGB14535_group,C3,Z10
t__SGB14535_group,C3,Z11
t__SGB14535_group,C3,U11
t__SGB14535_group,C3,Z3
t__SGB14535_group,C3,Z7
t__SGB14535_group,C3,U5
t__SGB14535_group,C3,Z4
t__SGB14535_group,C3,C5
t__SGB14535_group,Z10,Z9
t__SGB14535_group,Z10,Z11
t__SGB14535_group,Z10,Z8
t__SGB14535_group,Z10,Z3
t__SGB14535_group,Z10,Z7
t__SGB14535_group,Z10,Z4
t__SGB14535_group,C2,C9
t__SGB14535_group,C2,C8
t__SGB14535_group,C2,U12
t__SGB14535_group,C2,C6
t__SGB14535_group,C2,U9
t__SGB14535_group,C2,Z9
t__SGB14535_group,C2,C3
t__SGB14535_group,C2,Z10
t__SGB14535_group,C2,Z11
t__SGB14535_group,C2,U11
t__SGB14535_group,C2,Z8
t__SGB14535_group,C2,Z3
t__SGB14535_group,C2,Z7
t__SGB14535_group,C2,U5
t__SGB14535_group,C2,Z4
t__SGB14535_group,C2,C5
t__SGB14535_group,C10,C2
t__SGB14535_group,C10,C12
t__SGB14535_group,C10,U11
t__SGB14535_group,C12,U12
t__SGB14535_group,C12,C2
t__SGB14535_group,C12,U11
t__SGB14535_group,C12,Z4
t__SGB14535_group,ERR14760786,ERR14760814
t__SGB14535_group,Z11,Z9
t__SGB14535_group,Z11,Z8
t__SGB14535_group,Z11,Z3
t__SGB14535_group,Z11,Z7
t__SGB14535_group,Z11,Z5
t__SGB14535_group,Z11,Z4
t__SGB14535_group,U11,U12
t__SGB14535_group,U11,U9
t__SGB14535_group,U11,Z9
t__SGB14535_group,U11,Z10
t__SGB14535_group,U11,Z11
t__SGB14535_group,U11,U2
t__SGB14535_group,U11,Z12
t__SGB14535_group,U11,Z8
t__SGB14535_group,U11,Z3
t__SGB14535_group,U11,Z7
t__SGB14535_group,U11,Z5
t__SGB14535_group,U11,Z2
t__SGB14535_group,U11,U5
t__SGB14535_group,U11,Z4
t__SGB14535_group,U2,Z12
t__SGB14535_group,U2,Z8
t__SGB14535_group,U2,Z3
t__SGB14535_group,U2,Z7
t__SGB14535_group,Z12,Z8
t__SGB14535_group,Z12,Z3
t__SGB14535_group,Z12,Z7
t__SGB14535_group,Z3,Z8
t__SGB14535_group,Z3,Z7
t__SGB14535_group,Z3,Z5
t__SGB14535_group,Z3,Z4
t__SGB14535_group,C7,U12
t__SGB14535_group,C7,Z11
t__SGB14535_group,C7,U11
t__SGB14535_group,C7,U2
t__SGB14535_group,C7,Z12
t__SGB14535_group,C7,Z8
t__SGB14535_group,C7,Z3
t__SGB14535_group,C7,Z7
t__SGB14535_group,C7,Z5
t__SGB14535_group,C7,Z4
t__SGB14535_group,Z7,Z9
t__SGB14535_group,Z7,Z8
t__SGB14535_group,Z5,Z8
t__SGB14535_group,Z5,Z7
t__SGB14535_group,Z2,Z8
t__SGB14535_group,Z2,Z3
t__SGB14535_group,Z2,Z7
t__SGB14535_group,Z2,Z5
t__SGB14535_group,U5,U9
t__SGB14535_group,U5,Z9
t__SGB14535_group,U5,Z10
t__SGB14535_group,U5,Z11
t__SGB14535_group,U5,Z7
t__SGB14535_group,U5,Z4
t__SGB14535_group,Z4,Z9
t__SGB14535_group,Z4,Z8
t__SGB14535_group,Z4,Z7
t__SGB14535_group,Z4,Z5
t__SGB14535_group,C5,C9
t__SGB14535_group,C5,C8
t__SGB14535_group,C5,U12
t__SGB14535_group,C5,C6
t__SGB14535_group,C5,U9
t__SGB14535_group,C5,Z9
t__SGB14535_group,C5,Z10
t__SGB14535_group,C5,Z11
t__SGB14535_group,C5,U11
t__SGB14535_group,C5,Z8
t__SGB14535_group,C5,Z3
t__SGB14535_group,C5,Z7
t__SGB14535_group,C5,U5
t__SGB14535_group,C5,Z4
t__SGB1472,ERR14760631,ERR14760670
t__SGB1472,ERR14760576,ERR14760670
t__SGB1472,ERR14760576,ERR14760631
t__SGB1472,ERR14760576,ERR14760810
t__SGB1472,C5,C7
t__SGB1472,C4,C7
t__SGB1472,C4,C5
t__SGB1472,ERR14760809,ERR14760865
t__SGB1472,U3,Z2
t__SGB1472,ERR14760442,ERR14760447
t__SGB1472,C11,Z6
t__SGB1472,C11,Z5
t__SGB1472,C11,Z4
t__SGB1472,Z5,Z6
t__SGB1472,Z3,Z4
t__SGB1472,Z4,Z6
t__SGB1472,Z4,Z5
t__SGB1472,U1,Z4
t__SGB1472,U1,U8
t__SGB1472,U8,Z3
t__SGB1472,U8,Z4
t__SGB1472,C9,U11
t__SGB1472,ERR14760504,ERR14760603
t__SGB1472,U6,Z1
t__SGB1472,C1,Z11
t__SGB1472,ERR14760648,ERR14760810
t__SGB1472,ERR14760644,ERR14760648
t__SGB1472,ERR14760644,ERR14760810
t__SGB1477,ERR14760426,ERR14760504
t__SGB1477,ERR14760436,ERR14760653
t__SGB1477,U11,Z11
t__SGB1477,ERR14760509,ERR14760538
t__SGB1477,C9,Z4
t__SGB1477,C9,Z5
t__SGB1477,C9,U1
t__SGB1477,C9,Z9
t__SGB1477,Z4,Z5
t__SGB1477,Z4,Z9
t__SGB1477,Z5,Z9
t__SGB1477,U1,Z4
t__SGB1477,U1,Z5
t__SGB1477,U1,Z9
t__SGB1477,C11,C9
t__SGB1477,C11,Z4
t__SGB1477,C11,Z5
t__SGB1477,C11,U1
t__SGB1477,C11,Z9
t__SGB1477,C10,C7
t__SGB14990,C7,Z7
t__SGB14990,U4,Z9
t__SGB14990,ERR14760697,ERR14760809
t__SGB14990,ERR14760628,ERR14760809
t__SGB14990,ERR14760628,ERR14760697
t__SGB14990,C11,Z6
t__SGB14990,C11,U8
t__SGB14990,C11,U11
t__SGB14990,C11,C4
t__SGB14990,C11,Z2
t__SGB14990,U8,Z6
t__SGB14990,U8,Z2
t__SGB14990,U11,Z6
t__SGB14990,U11,U8
t__SGB14990,U11,Z2
t__SGB14990,C4,Z6
t__SGB14990,C4,U8
t__SGB14990,C4,U11
t__SGB14990,C4,Z2
t__SGB14990,Z2,Z6
t__SGB14990,C10,Z4
t__SGB14991,U4,U8
t__SGB14991,U4,U6
t__SGB14991,U4,Z3
t__SGB14991,U8,Z5
t__SGB14991,U8,Z12
t__SGB14991,U8,Z3
t__SGB14991,C4,U8
t__SGB14991,C4,C6
t__SGB14991,C4,U6
t__SGB14991,C6,U4
t__SGB14991,C6,U8
t__SGB14991,C6,U6
t__SGB14991,C6,Z3
t__SGB14991,U6,U8
t__SGB14991,U6,Z12
t__SGB14991,U6,Z3
t__SGB14991,C5,U6
t__SGB14991,C5,U5
t__SGB14991,Z12,Z3
t__SGB14991,U3,U6
t__SGB14991,U3,Z12
t__SGB14991,C3,Z11
t__SGB14991,U11,Z12
t__SGB14991,U11,U3
t__SGB14991,C1,C10
t__SGB14991,C1,U12
t__SGB14991,C2,Z1
t__SGB14991,C7,U4
t__SGB14991,C7,U8
t__SGB14991,C7,U6
t__SGB14991,C11,U4
t__SGB14993,ERR14760435,ERR14760504
t__SGB14993,ERR14760435,ERR14760724
t__SGB14993,U8,Z2
t__SGB14993,Z11,Z2
t__SGB14993,Z11,Z12
t__SGB14993,C3,Z8
t__SGB14993,C2,Z11
t__SGB14993,U11,Z11
t__SGB14993,U11,Z12
t__SGB14993,U11,U7
t__SGB14993,U7,Z12
t__SGB14993,C4,Z12
t__SGB14993,C4,U11
t__SGB14993,C4,U7
t__SGB15015,U4,U9
t__SGB15015,U11,Z12
t__SGB15015,C12,Z12
t__SGB15015,C3,Z12
t__SGB15015,U2,Z9
t__SGB15015,U2,Z8
t__SGB15015,U3,U8
t__SGB15015,C1,U3
t__SGB15019,U6,Z4
t__SGB15019,U6,U8
t__SGB15019,U6,U9
t__SGB15019,U6,Z12
t__SGB15019,U6,Z8
t__SGB15019,U11,U6
t__SGB15019,U11,Z4
t__SGB15019,U11,U3
t__SGB15019,U11,Z12
t__SGB15019,U11,Z8
t__SGB15019,Z4,Z6
t__SGB15019,Z4,Z8
t__SGB15019,C10,U6
t__SGB15019,C10,Z4
t__SGB15019,C10,U3
t__SGB15019,C10,Z12
t__SGB15019,U8,Z4
t__SGB15019,U8,U9
t__SGB15019,U8,Z12
t__SGB15019,U8,Z6
t__SGB15019,C6,U6
t__SGB15019,C6,Z4
t__SGB15019,C6,U8
t__SGB15019,C6,C9
t__SGB15019,C6,U3
t__SGB15019,C6,U9
t__SGB15019,C6,U12
t__SGB15019,C6,Z12
t__SGB15019,C9,U6
t__SGB15019,C9,Z4
t__SGB15019,C9,U8
t__SGB15019,C9,U3
t__SGB15019,C9,U9
t__SGB15019,C9,U12
t__SGB15019,C9,Z12
t__SGB15019,C9,Z6
t__SGB15019,U3,U6
t__SGB15019,U3,Z4
t__SGB15019,U3,U8
t__SGB15019,U3,U7
t__SGB15019,U3,U9
t__SGB15019,U3,Z12
t__SGB15019,U3,Z6
t__SGB15019,U3,Z11
t__SGB15019,U3,Z8
t__SGB15019,U7,U9
t__SGB15019,U9,Z4
t__SGB15019,U9,Z12
t__SGB15019,U9,Z6
t__SGB15019,U12,U6
t__SGB15019,U12,Z4
t__SGB15019,U12,U8
t__SGB15019,U12,U3
t__SGB15019,U12,U9
t__SGB15019,U12,Z12
t__SGB15019,U12,Z6
t__SGB15019,C3,U6
t__SGB15019,C3,Z4
t__SGB15019,C3,U8
t__SGB15019,C3,C6
t__SGB15019,C3,C9
t__SGB15019,C3,U3
t__SGB15019,C3,U9
t__SGB15019,C3,U12
t__SGB15019,C3,Z12
t__SGB15019,C3,Z6
t__SGB15019,C3,Z11
t__SGB15019,C3,U2
t__SGB15019,Z12,Z4
t__SGB15019,Z12,Z6
t__SGB15019,Z12,Z7
t__SGB15019,Z11,Z12
t__SGB15019,Z11,Z7
t__SGB15019,U2,Z12
t__SGB15019,U2,Z11
t__SGB15019,U2,Z7
t__SGB15019,C8,Z8
t__SGB15019,C8,Z1
t__SGB15019,ERR14760441,ERR14760786
t__SGB15022,C11,Z12
t__SGB15022,C11,C5
t__SGB15022,C5,Z2
t__SGB15022,C5,U7
t__SGB15022,C5,U5
t__SGB15022,U7,Z2
t__SGB15022,U3,U7
t__SGB15022,U6,U9
t__SGB15022,C1,U9
t__SGB15022,C1,U6
t__SGB15022,U12,Z1
t__SGB15022,U12,U5
t__SGB15022,C7,U12
t__SGB15022,C7,Z1
t__SGB15022,C7,U5
t__SGB15022,C2,U12
t__SGB15022,C2,C7
t__SGB15022,C2,Z1
t__SGB15022,C2,U5
t__SGB15022,C10,C12
t__SGB15022,C10,U4
t__SGB15022,C10,U5
t__SGB15022,C12,C5
t__SGB15022,C12,U7
t__SGB15022,C12,U12
t__SGB15022,C12,C7
t__SGB15022,C12,Z1
t__SGB15022,C12,C2
t__SGB15022,C12,U4
t__SGB15022,C12,U5
t__SGB15022,C12,C6
t__SGB15022,C12,Z8
t__SGB15022,U4,U7
t__SGB15022,U4,U5
t__SGB15022,U4,Z8
t__SGB15022,U5,U7
t__SGB15022,U5,Z1
t__SGB15022,U5,Z8
t__SGB15022,C6,U4
t__SGB15022,C6,U5
t__SGB15031,U5,Z6
t__SGB15031,C4,C6
t__SGB15031,U9,Z6
t__SGB15031,U9,Z4
t__SGB15031,U8,Z10
t__SGB15031,ERR14760611,ERR14760847
t__SGB15031,ERR14760441,ERR14760637
t__SGB15031,ERR14760441,ERR14760620
t__SGB15035,Z1,Z2
t__SGB15035,C9,U11
t__SGB15035,U11,Z1
t__SGB15035,U11,Z2
t__SGB15035,U11,U7
t__SGB15035,C11,U3
t__SGB15035,Z2,Z8
t__SGB15035,C7,Z2
t__SGB15035,ERR14760581,ERR14760619
t__SGB15035,U7,Z1
t__SGB15035,U7,Z2
t__SGB15051,C12,U6
t__SGB15051,C12,U3
t__SGB15051,U6,U8
t__SGB15051,U3,U8
t__SGB15051,U3,U6
t__SGB15051,U4,Z3
t__SGB15051,C1,Z12
t__SGB15051,U11,U7
t__SGB15051,U11,Z1
t__SGB15051,ERR14760509,ERR14760697
t__SGB15051,U7,Z1
t__SGB15051,U10,Z1
t__SGB15053,U2,Z10
t__SGB15053,U2,Z2
t__SGB15053,U2,U3
t__SGB15053,Z10,Z2
t__SGB15053,Z10,Z4
t__SGB15053,Z10,Z3
t__SGB15053,Z10,Z6
t__SGB15053,Z2,Z4
t__SGB15053,Z2,Z3
t__SGB15053,Z2,Z6
t__SGB15053,U5,Z10
t__SGB15053,U5,Z2
t__SGB15053,U3,Z10
t__SGB15053,U3,Z2
t__SGB15053,U3,U5
t__SGB15053,U3,U8
t__SGB15053,U3,Z4
t__SGB15053,U3,Z3
t__SGB15053,U3,U6
t__SGB15053,U3,U9
t__SGB15053,C8,Z10
t__SGB15053,C8,Z2
t__SGB15053,C8,U3
t__SGB15053,C8,Z12
t__SGB15053,C8,U8
t__SGB15053,C8,Z4
t__SGB15053,C8,Z3
t__SGB15053,C8,U6
t__SGB15053,C8,U9
t__SGB15053,C8,Z6
t__SGB15053,Z12,Z4
t__SGB15053,U8,Z10
t__SGB15053,U8,Z2
t__SGB15053,U8,Z12
t__SGB15053,U8,Z4
t__SGB15053,U8,Z3
t__SGB15053,U8,U9
t__SGB15053,U8,Z6
t__SGB15053,C5,Z3
t__SGB15053,Z3,Z4
t__SGB15053,C6,Z10
t__SGB15053,C6,C8
t__SGB15053,C6,Z3
t__SGB15053,C6,U6
t__SGB15053,C1,Z3
t__SGB15053,C1,C6
t__SGB15053,C3,C8
t__SGB15053,C3,Z3
t__SGB15053,C3,C6
t__SGB15053,C3,C7
t__SGB15053,C3,U6
t__SGB15053,C7,Z3
t__SGB15053,C7,U6
t__SGB15053,C2,C7
t__SGB15053,ERR14760504,ERR14760509
t__SGB15053,ERR14760509,ERR14760619
t__SGB15053,ERR14760509,ERR14760611
t__SGB15053,ERR14760509,ERR14760653
t__SGB15053,ERR14760509,ERR14760606
t__SGB15053,ERR14760509,ERR14760603
t__SGB15053,ERR14760509,ERR14760847
t__SGB15053,ERR14760611,ERR14760653
t__SGB15053,ERR14760447,ERR14760704
t__SGB15053,ERR14760447,ERR14760844
t__SGB15053,ERR14760447,ERR14760864
t__SGB15053,ERR14760447,ERR14760653
t__SGB15053,ERR14760704,ERR14760844
t__SGB15053,ERR14760561,ERR14760844
t__SGB15053,ERR14760441,ERR14760509
t__SGB15053,ERR14760441,ERR14760447
t__SGB15053,ERR14760441,ERR14760704
t__SGB15053,ERR14760441,ERR14760844
t__SGB15053,ERR14760441,ERR14760864
t__SGB15053,ERR14760441,ERR14760653
t__SGB15053,ERR14760441,ERR14760606
t__SGB15053,ERR14760606,ERR14760611
t__SGB15053,ERR14760606,ERR14760653
t__SGB15053,ERR14760603,ERR14760653
t__SGB15053,ERR14760603,ERR14760606
t__SGB15053,C4,U6
t__SGB15053,U6,Z10
t__SGB15053,U6,Z2
t__SGB15053,U6,U8
t__SGB15053,U6,Z4
t__SGB15053,U6,Z3
t__SGB15053,U6,Z7
t__SGB15053,U6,Z8
t__SGB15053,U6,U9
t__SGB15053,U6,Z6
t__SGB15053,C12,U6
t__SGB15053,C12,Z7
t__SGB15053,U12,U6
t__SGB15053,C10,U9
t__SGB15053,U9,Z10
t__SGB15053,U9,Z2
t__SGB15053,U9,Z4
t__SGB15053,U9,Z3
t__SGB15053,U4,U6
t__SGB15053,U4,U9
t__SGB15085,U5,Z8
t__SGB15085,C11,Z8
t__SGB15085,ERR14760561,ERR14760644
t__SGB15085,ERR14760561,ERR14760628
t__SGB15085,U4,Z8
t__SGB15085,C8,U4
t__SGB15085,C8,Z8
t__SGB15085,C6,U12
t__SGB15087,ERR14760581,ERR14760611
t__SGB15087,ERR14760581,ERR14760619
t__SGB15087,ERR14760611,ERR14760619
t__SGB15087,ERR14760648,ERR14760837
t__SGB15087,ERR14760522,ERR14760648
t__SGB15087,ERR14760522,ERR14760837
t__SGB15087,ERR14760447,ERR14760606
t__SGB15087,ERR14760447,ERR14760864
t__SGB15087,ERR14760606,ERR14760864
t__SGB15090,C1,Z8
t__SGB15090,C7,C8
t__SGB15090,ERR14760436,ERR14760637
t__SGB15090,ERR14760441,ERR14760867
t__SGB15095,C1,U8
t__SGB15095,ERR14760611,ERR14760809
t__SGB15095,ERR14760611,ERR14760637
t__SGB15095,ERR14760637,ERR14760809
t__SGB15095,U5,Z4
t__SGB15100,C11,Z3
t__SGB15100,Z10,Z5
t__SGB15100,Z10,Z3
t__SGB15100,U4,U6
t__SGB15100,ERR14760603,ERR14760847
t__SGB15100,C6,U3
t__SGB15100,U3,Z10
t__SGB15100,U3,Z5
t__SGB15100,U3,U5
t__SGB15100,U3,Z3
t__SGB15100,C7,U3
t__SGB15100,C7,C9
t__SGB15100,C7,U5
t__SGB15100,C9,U3
t__SGB15100,C9,U5
t__SGB15103,ERR14760603,ERR14760637
t__SGB15103,Z11,Z4
t__SGB15103,C11,Z4
t__SGB15103,C11,Z3
t__SGB15103,U12,U7
t__SGB15103,U5,Z4
t__SGB15103,ERR14760509,ERR14760581
t__SGB15103,ERR14760509,ERR14760637
t__SGB15103,ERR14760581,ERR14760619
t__SGB15103,Z12,Z4
t__SGB15103,ERR14760504,ERR14760637
t__SGB15103,ERR14760441,ERR14760603
t__SGB15103,ERR14760441,ERR14760509
t__SGB15103,ERR14760441,ERR14760637
t__SGB15103,C7,Z4
t__SGB15103,C7,Z12
t__SGB15103,ERR14760611,ERR14760864
t__SGB15106,C11,U9
t__SGB15106,C11,Z8
t__SGB15106,C11,Z12
t__SGB15106,ERR14760504,ERR14760611
t__SGB15106,ERR14760611,ERR14760844
t__SGB15106,Z5,Z6
t__SGB15106,ERR14760441,ERR14760648
t__SGB15106,C5,U9
t__SGB15106,C5,Z8
t__SGB15106,U5,U9
t__SGB15106,U5,Z8
t__SGB15106,U9,Z8
t__SGB15106,U9,Z4
t__SGB15106,U9,Z12
t__SGB15106,Z10,Z8
t__SGB15106,ERR14760606,ERR14760637
t__SGB15106,Z4,Z8
t__SGB15106,C8,C9
t__SGB15106,C6,C9
t__SGB15106,C6,C8
t__SGB15106,ERR14760538,ERR14760810
t__SGB15106,ERR14760644,ERR14760810
t__SGB15106,ERR14760509,ERR14760637
t__SGB15106,ERR14760509,ERR14760606
t__SGB15106,ERR14760509,ERR14760576
t__SGB15106,C10,Z12
t__SGB15107,ERR14760844,ERR14760867
t__SGB15107,C7,Z4
t__SGB15107,U9,Z7
t__SGB15107,C9,Z12
t__SGB15107,C8,Z12
t__SGB15107,C8,C9
t__SGB15107,ERR14760581,ERR14760697
t__SGB15107,C6,Z4
t__SGB15107,C6,U3
t__SGB15119,U7,Z3
t__SGB15119,Z3,Z7
t__SGB15119,U6,Z7
t__SGB15119,U6,U7
t__SGB15119,U6,Z3
t__SGB15119,U6,Z4
t__SGB15119,U6,Z6
t__SGB15119,U6,Z10
t__SGB15119,U6,U9
t__SGB15119,U6,Z2
t__SGB15119,U6,Z12
t__SGB15119,U4,Z7
t__SGB15119,U4,Z3
t__SGB15119,U4,U6
t__SGB15119,U4,Z4
t__SGB15119,U4,Z10
t__SGB15119,U4,U9
t__SGB15119,U4,Z2
t__SGB15119,U4,Z12
t__SGB15119,Z4,Z7
t__SGB15119,Z4,Z5
t__SGB15119,U11,U6
t__SGB15119,U11,U4
t__SGB15119,U11,Z4
t__SGB15119,U11,Z5
t__SGB15119,U11,Z11
t__SGB15119,U11,U3
t__SGB15119,C12,Z4
t__SGB15119,C12,U11
t__SGB15119,C12,Z5
t__SGB15119,C12,Z11
t__SGB15119,C12,U3
t__SGB15119,Z11,Z5
t__SGB15119,C1,Z4
t__SGB15119,C1,U11
t__SGB15119,C1,C12
t__SGB15119,C1,Z5
t__SGB15119,C1,Z11
t__SGB15119,C1,U3
t__SGB15119,U3,Z7
t__SGB15119,U3,Z3
t__SGB15119,U3,U6
t__SGB15119,U3,U4
t__SGB15119,U3,Z4
t__SGB15119,U3,Z5
t__SGB15119,U3,Z11
t__SGB15119,U3,Z6
t__SGB15119,U3,Z10
t__SGB15119,U3,U9
t__SGB15119,U3,Z2
t__SGB15119,U3,Z12
t__SGB15119,C8,Z7
t__SGB15119,C8,Z3
t__SGB15119,C8,U6
t__SGB15119,C8,U4
t__SGB15119,C8,Z4
t__SGB15119,C8,U11
t__SGB15119,C8,U3
t__SGB15119,C8,Z6
t__SGB15119,C8,Z10
t__SGB15119,C8,U9
t__SGB15119,C8,Z2
t__SGB15119,C8,Z12
t__SGB15119,C7,Z8
t__SGB15119,Z10,Z7
t__SGB15119,Z10,Z3
t__SGB15119,Z10,Z2
t__SGB15119,Z10,Z12
t__SGB15119,C6,Z10
t__SGB15119,C5,U9
t__SGB15119,U9,Z7
t__SGB15119,U9,Z3
t__SGB15119,U9,Z10
t__SGB15119,U9,Z2
t__SGB15119,U9,Z12
t__SGB15119,C3,U9
t__SGB15119,Z2,Z7
t__SGB15119,U12,U5
t__SGB15119,C11,Z7
t__SGB15119,C11,Z3
t__SGB15119,C11,U6
t__SGB15119,C11,U4
t__SGB15119,C11,U3
t__SGB15119,C11,C8
t__SGB15119,C11,Z10
t__SGB15119,C11,U9
t__SGB15119,C11,Z2
t__SGB15119,C11,Z12
t__SGB15119,Z12,Z7
t__SGB15119,Z12,Z3
t__SGB15224,ERR14760436,ERR14760441
t__SGB15224,ERR14760441,ERR14760509
t__SGB15224,C8,Z12
t__SGB15234,U3,Z5
t__SGB15234,C11,U3
t__SGB15234,C11,Z5
t__SGB15234,ERR14760637,ERR14760648
t__SGB15234,C12,U5
t__SGB15234,Z4,Z5
t__SGB15234,ERR14760620,ERR14760847
t__SGB15234,U12,Z5
t__SGB15234,U4,Z5
t__SGB15234,C1,Z5
t__SGB15234,C1,U4
t__SGB15234,U7,Z5
t__SGB15234,U9,Z3
t__SGB15234,ERR14760644,ERR14760810
t__SGB15234,U6,Z5
t__SGB15234,C7,U3
t__SGB15234,C7,Z5
t__SGB15235,U5,Z4
t__SGB15235,ERR14760810,ERR14760867
t__SGB15235,C11,Z10
t__SGB15235,C11,C3
t__SGB15235,C3,U5
t__SGB15235,C3,Z10
t__SGB15235,C8,U11
t__SGB15235,C7,U5
t__SGB15235,C7,U4
t__SGB15235,U4,U5
t__SGB15236,C1,C8
t__SGB15236,C1,C3
t__SGB15236,C1,Z6
t__SGB15236,C1,C6
t__SGB15236,C1,Z5
t__SGB15236,C1,U9
t__SGB15236,C1,U4
t__SGB15236,C1,C11
t__SGB15236,C1,Z8
t__SGB15236,C1,U5
t__SGB15236,C12,C8
t__SGB15236,C12,C6
t__SGB15236,C8,U3
t__SGB15236,C8,U7
t__SGB15236,C8,U8
t__SGB15236,C8,Z3
t__SGB15236,C8,Z6
t__SGB15236,C8,U6
t__SGB15236,C8,U12
t__SGB15236,C8,Z5
t__SGB15236,C8,U9
t__SGB15236,C8,U4
t__SGB15236,C8,Z8
t__SGB15236,C8,U5
t__SGB15236,ERR14760644,ERR14760810
t__SGB15236,ERR14760620,ERR14760867
t__SGB15236,ERR14760436,ERR14760447
t__SGB15236,ERR14760436,ERR14760867
t__SGB15236,ERR14760447,ERR14760786
t__SGB15236,ERR14760447,ERR14760867
t__SGB15236,ERR14760786,ERR14760867
t__SGB15236,ERR14760581,ERR14760867
t__SGB15236,ERR14760637,ERR14760867
t__SGB15236,ERR14760637,ERR14760648
t__SGB15236,ERR14760648,ERR14760867
t__SGB15236,U7,Z6
t__SGB15236,U8,Z3
t__SGB15236,U8,Z6
t__SGB15236,C3,C8
t__SGB15236,C3,U7
t__SGB15236,C3,U8
t__SGB15236,C3,Z3
t__SGB15236,C3,Z6
t__SGB15236,C3,C6
t__SGB15236,C3,U9
t__SGB15236,C3,U4
t__SGB15236,C3,Z8
t__SGB15236,C3,U5
t__SGB15236,Z3,Z6
t__SGB15236,Z6,Z8
t__SGB15236,C6,U3
t__SGB15236,C6,C8
t__SGB15236,C6,U7
t__SGB15236,C6,U8
t__SGB15236,C6,Z3
t__SGB15236,C6,Z6
t__SGB15236,C6,U6
t__SGB15236,C6,U11
t__SGB15236,C6,U12
t__SGB15236,C6,Z5
t__SGB15236,C6,U9
t__SGB15236,C6,U4
t__SGB15236,C6,Z8
t__SGB15236,C6,U5
t__SGB15236,U6,Z5
t__SGB15236,U11,U12
t__SGB15236,U11,Z5
t__SGB15236,U12,Z5
t__SGB15236,U12,U4
t__SGB15236,U12,Z8
t__SGB15236,Z5,Z6
t__SGB15236,Z5,Z8
t__SGB15236,C7,Z5
t__SGB15236,C7,Z4
t__SGB15236,Z4,Z5
t__SGB15236,U9,Z6
t__SGB15236,U9,Z5
t__SGB15236,U9,Z12
t__SGB15236,U9,Z8
t__SGB15236,U4,U7
t__SGB15236,U4,U8
t__SGB15236,U4,Z6
t__SGB15236,U4,U6
t__SGB15236,U4,Z5
t__SGB15236,U4,Z12
t__SGB15236,U4,U9
t__SGB15236,U4,Z8
t__SGB15236,U4,U5
t__SGB15236,C5,U4
t__SGB15236,C11,C8
t__SGB15236,C11,U7
t__SGB15236,C11,U8
t__SGB15236,C11,C3
t__SGB15236,C11,Z6
t__SGB15236,C11,C6
t__SGB15236,C11,U6
t__SGB15236,C11,U12
t__SGB15236,C11,Z5
t__SGB15236,C11,Z12
t__SGB15236,C11,U9
t__SGB15236,C11,U4
t__SGB15236,C11,C5
t__SGB15236,C11,Z8
t__SGB15236,C11,U5
t__SGB15236,U5,Z6
t__SGB15236,U5,Z5
t__SGB15236,U5,U9
t__SGB15236,U5,Z8
t__SGB15238,C8,Z7
t__SGB15238,C3,U7
t__SGB15238,U4,U5
t__SGB15238,U4,U9
t__SGB15238,U4,Z1
t__SGB15238,U5,U9
t__SGB15238,Z12,Z3
t__SGB15244,U4,U9
t__SGB15244,U4,U6
t__SGB15244,U4,U5
t__SGB15244,U4,Z1
t__SGB15244,U4,Z5
t__SGB15244,U4,Z12
t__SGB15244,C10,U4
t__SGB15244,C10,U9
t__SGB15244,C10,U6
t__SGB15244,U6,U9
t__SGB15244,Z1,Z7
t__SGB15249,Z4,Z8
t__SGB15249,Z4,Z5
t__SGB15249,Z2,Z8
t__SGB15249,ERR14760509,ERR14760670
t__SGB15249,Z3,Z4
t__SGB15249,Z3,Z8
t__SGB15249,U4,Z10
t__SGB15249,U4,Z12
t__SGB15249,Z10,Z12
t__SGB15249,C6,U4
t__SGB15249,C6,Z10
t__SGB15249,C6,Z12
t__SGB15249,C6,U8
t__SGB15249,C6,U7
t__SGB15249,Z12,Z4
t__SGB15249,Z12,Z8
t__SGB15249,Z12,Z6
t__SGB15249,Z12,Z5
t__SGB15249,ERR14760603,ERR14760620
t__SGB15249,ERR14760441,ERR14760620
t__SGB15249,ERR14760441,ERR14760611
t__SGB15249,ERR14760611,ERR14760620
t__SGB15249,C5,Z6
t__SGB15249,C11,U3
t__SGB15249,ERR14760436,ERR14760810
t__SGB15249,Z5,Z8
t__SGB15249,U8,Z4
t__SGB15249,U8,Z8
t__SGB15249,U8,Z10
t__SGB15249,U8,Z12
t__SGB15249,U8,Z5
t__SGB15249,U8,Z1
t__SGB15249,U8,U9
t__SGB15249,U7,Z4
t__SGB15249,U7,Z8
t__SGB15249,U7,Z10
t__SGB15249,U7,Z12
t__SGB15249,U7,Z5
t__SGB15249,U7,U8
t__SGB15249,U7,Z1
t__SGB15249,U7,U9
t__SGB15249,Z1,Z4
t__SGB15249,Z1,Z8
t__SGB15249,Z1,Z3
t__SGB15249,U9,Z4
t__SGB15249,U9,Z8
t__SGB15249,U9,Z3
t__SGB15249,U9,Z5
t__SGB15249,U9,Z1
t__SGB15249,U5,U9
t__SGB15254,ERR14760704,ERR14760770
t__SGB15254,U12,Z2
t__SGB15254,ERR14760603,ERR14760718
t__SGB15254,ERR14760581,ERR14760770
t__SGB15254,ERR14760581,ERR14760718
t__SGB15254,ERR14760581,ERR14760603
t__SGB15254,ERR14760581,ERR14760637
t__SGB15254,Z7,Z8
t__SGB15254,C7,Z8
t__SGB15254,C7,U3
t__SGB15254,U3,Z7
t__SGB15254,U3,Z8
t__SGB15254,C6,U7
t__SGB15254,C6,U8
t__SGB15254,U7,U8
t__SGB15254,C10,C5
t__SGB15254,C10,U4
t__SGB15254,C10,Z12
t__SGB15254,C10,Z4
t__SGB15254,C5,U5
t__SGB15254,C5,U4
t__SGB15254,C5,Z12
t__SGB15254,C5,Z4
t__SGB15254,Z11,Z12
t__SGB15254,Z11,Z4
t__SGB15254,U5,Z11
t__SGB15254,U5,Z12
t__SGB15254,U5,Z4
t__SGB15254,U4,Z11
t__SGB15254,U4,U5
t__SGB15254,U4,Z12
t__SGB15254,U4,Z10
t__SGB15254,U4,Z4
t__SGB15254,Z12,Z4
t__SGB15254,C12,U4
t__SGB15254,C12,Z12
t__SGB15254,C12,Z4
t__SGB15254,Z10,Z12
t__SGB15254,Z10,Z4
t__SGB15254,ERR14760504,ERR14760619
t__SGB15254,C8,U4
t__SGB15254,C8,Z12
t__SGB15254,C8,Z4
t__SGB15254,C8,C9
t__SGB15254,C9,U4
t__SGB15254,C9,Z12
t__SGB15254,C9,Z4
t__SGB15254,C3,U4
t__SGB15254,C3,Z12
t__SGB15254,C3,Z4
t__SGB15254,C3,C8
t__SGB15254,C3,C9
t__SGB15254,ERR14760436,ERR14760447
t__SGB15254,ERR14760436,ERR14760441
t__SGB15254,ERR14760436,ERR14760611
t__SGB15254,ERR14760436,ERR14760653
t__SGB15254,ERR14760426,ERR14760436
t__SGB15254,ERR14760426,ERR14760561
t__SGB15254,ERR14760426,ERR14760447
t__SGB15254,ERR14760426,ERR14760867
t__SGB15254,ERR14760426,ERR14760441
t__SGB15254,ERR14760426,ERR14760611
t__SGB15254,ERR14760447,ERR14760561
t__SGB15254,ERR14760447,ERR14760611
t__SGB15254,ERR14760441,ERR14760447
t__SGB15254,ERR14760441,ERR14760611
t__SGB15254,ERR14760441,ERR14760653
t__SGB15254,ERR14760611,ERR14760653
t__SGB15254,ERR14760620,ERR14760653
t__SGB15254,C11,C6
t__SGB15254,ERR14760509,ERR14760581
t__SGB15254,ERR14760509,ERR14760697
t__SGB15254,ERR14760509,ERR14760637
t__SGB15254,Z1,Z7
t__SGB15254,Z1,Z6
t__SGB15254,Z6,Z7
t__SGB15254,ERR14760670,ERR14760770
t__SGB15256,ERR14760603,ERR14760847
t__SGB15256,U4,Z8
t__SGB15256,C1,U8
t__SGB15256,Z2,Z3
t__SGB15256,C8,Z4
t__SGB15256,ERR14760620,ERR14760670
t__SGB15260,C12,Z8
t__SGB15260,ERR14760628,ERR14760867
t__SGB15260,U5,Z8
t__SGB15260,U5,U8
t__SGB15260,ERR14760653,ERR14760710
t__SGB15260,C10,U6
t__SGB15260,ERR14760504,ERR14760509
t__SGB15285,C7,Z2
t__SGB15285,C7,U9
t__SGB15285,U8,Z6
t__SGB15285,Z1,Z6
t__SGB15285,U11,U4
t__SGB15285,U11,U6
t__SGB15285,U4,U6
t__SGB15285,U9,Z2
t__SGB15285,C3,Z2
t__SGB15285,C3,C7
t__SGB15285,C3,U9
t__SGB15285,C11,Z2
t__SGB15285,C11,C7
t__SGB15285,C11,U9
t__SGB15285,C11,C3
t__SGB15286,ERR14760522,ERR14760628
t__SGB15286,C10,U2
t__SGB15286,U3,U8
t__SGB15286,C1,Z10
t__SGB15286,C1,U8
t__SGB15286,U8,Z10
t__SGB15286,C2,Z6
t__SGB15286,C2,U3
t__SGB15286,C2,U8
t__SGB15286,C12,C2
t__SGB15286,Z1,Z5
t__SGB15291,U10,Z5
t__SGB15291,ERR14760522,ERR14760576
t__SGB15291,ERR14760522,ERR14760770
t__SGB15291,C9,Z1
t__SGB15291,ERR14760619,ERR14760762
t__SGB15291,C10,Z3
t__SGB15291,U2,Z10
t__SGB15291,U1,U2
t__SGB15291,U1,Z10
t__SGB15295,U9,Z10
t__SGB15295,C12,U9
t__SGB15295,C12,Z10
t__SGB15295,C10,U9
t__SGB15295,C10,C12
t__SGB15295,C10,Z10
t__SGB15295,Z12,Z9
t__SGB15299,C1,C11
t__SGB15299,C12,Z2
t__SGB15299,C10,C4
t__SGB15299,C10,Z7
t__SGB15299,C9,Z1
t__SGB15299,Z1,Z12
t__SGB15299,U8,Z3
t__SGB15300,ERR14760611,ERR14760865
t__SGB15300,ERR14760447,ERR14760611
t__SGB15300,ERR14760447,ERR14760548
t__SGB15300,ERR14760548,ERR14760611
t__SGB15300,ERR14760548,ERR14760865
t__SGB15300,C5,C7
t__SGB15309_group,U5,Z12
t__SGB15309_group,C9,U5
t__SGB15309_group,C9,U11
t__SGB15309_group,U11,U5
t__SGB15309_group,C2,C9
t__SGB15309_group,C2,U11
t__SGB15309_group,C4,U5
t__SGB15309_group,C1,C3
t__SGB15309_group,C3,U5
t__SGB15309_group,C3,Z12
t__SGB15309_group,C12,Z7
t__SGB15309_group,C12,C8
t__SGB15309_group,C7,U9
t__SGB15309_group,C8,U5
t__SGB15309_group,C8,Z7
t__SGB15309_group,ERR14760576,ERR14760704
t__SGB15309_group,ERR14760576,ERR14760697
t__SGB15309_group,Z1,Z5
t__SGB15309_group,C11,Z1
t__SGB15309_group,C11,Z5
t__SGB15309_group,ERR14760628,ERR14760704
t__SGB15309_group,ERR14760704,ERR14760762
t__SGB15309_group,ERR14760637,ERR14760809
t__SGB15309_group,ERR14760509,ERR14760697
t__SGB15316,Z1,Z12
t__SGB15316,U11,Z1
t__SGB15316,U11,Z12
t__SGB15316,C9,Z1
t__SGB15316,C9,U11
t__SGB15316,C9,U10
t__SGB15316,ERR14760631,ERR14760762
t__SGB15316,ERR14760653,ERR14760762
t__SGB15316,ERR14760648,ERR14760653
t__SGB15316,ERR14760648,ERR14760762
t__SGB15316,ERR14760447,ERR14760762
t__SGB15316,ERR14760447,ERR14760648
t__SGB15316,ERR14760447,ERR14760561
t__SGB15316,ERR14760561,ERR14760648
t__SGB15316,ERR14760724,ERR14760762
t__SGB15316,C1,U11
t__SGB15316,C1,C9
t__SGB15316,C1,Z9
t__SGB15316,C1,C4
t__SGB15316,C1,Z5
t__SGB15316,C1,U5
t__SGB15316,C1,C8
t__SGB15316,C1,Z11
t__SGB15316,C1,C6
t__SGB15316,C1,U7
t__SGB15316,C1,U10
t__SGB15316,C1,C7
t__SGB15316,C1,C5
t__SGB15316,C4,Z9
t__SGB15316,Z5,Z9
t__SGB15316,Z6,Z7
t__SGB15316,U5,Z7
t__SGB15316,U5,Z11
t__SGB15316,C8,Z7
t__SGB15316,C8,U5
t__SGB15316,C8,Z11
t__SGB15316,C8,U10
t__SGB15316,U12,U5
t__SGB15316,U12,Z11
t__SGB15316,Z2,Z3
t__SGB15316,U10,U11
t__SGB15316,U10,Z9
t__SGB15316,U10,U5
t__SGB15316,U10,Z11
t__SGB15316,U10,Z4
t__SGB15316,C7,Z1
t__SGB15316,C7,U11
t__SGB15316,C7,C9
t__SGB15316,C7,Z9
t__SGB15316,C7,Z5
t__SGB15316,C7,U5
t__SGB15316,C7,C8
t__SGB15316,C7,Z11
t__SGB15316,C7,U10
t__SGB15316,C7,Z4
t__SGB15316,C7,Z12
t__SGB15316,ERR14760603,ERR14760718
t__SGB15316,ERR14760426,ERR14760603
t__SGB15316,C5,Z1
t__SGB15316,C5,U11
t__SGB15316,C5,C9
t__SGB15316,C5,U10
t__SGB15316,C5,C7
t__SGB15316,C5,Z12
t__SGB15316,C2,U11
t__SGB15316,C2,C5
t__SGB15317,ERR14760603,ERR14760865
t__SGB15317,ERR14760704,ERR14760762
t__SGB15317,ERR14760619,ERR14760631
t__SGB15317,C10,Z8
t__SGB15317,C10,C7
t__SGB15317,C7,Z8
t__SGB15317,C7,U6
t__SGB15317,C7,Z11
t__SGB15317,C7,U8
t__SGB15317,C5,C7
t__SGB15317,Z1,Z11
t__SGB15317,ERR14760504,ERR14760628
t__SGB15317,ERR14760504,ERR14760509
t__SGB15317,ERR14760504,ERR14760631
t__SGB15317,ERR14760509,ERR14760631
t__SGB15317,ERR14760631,ERR14760762
t__SGB15317,ERR14760631,ERR14760847
t__SGB15318,ERR14760697,ERR14760710
t__SGB15318,U8,Z9
t__SGB15318,U8,Z3
t__SGB15318,U8,Z1
t__SGB15318,ERR14760426,ERR14760810
t__SGB15318,ERR14760426,ERR14760718
t__SGB15318,ERR14760441,ERR14760631
t__SGB15318,ERR14760441,ERR14760637
t__SGB15318,ERR14760441,ERR14760710
t__SGB15318,ERR14760631,ERR14760697
t__SGB15318,ERR14760631,ERR14760724
t__SGB15318,ERR14760631,ERR14760704
t__SGB15318,ERR14760631,ERR14760637
t__SGB15318,ERR14760631,ERR14760710
t__SGB15318,ERR14760509,ERR14760631
t__SGB15318,ERR14760509,ERR14760637
t__SGB15318,ERR14760637,ERR14760697
t__SGB15318,ERR14760637,ERR14760710
t__SGB15318,C9,U11
t__SGB15318,C3,Z9
t__SGB15318,C3,U12
t__SGB15318,U12,Z9
t__SGB15318,Z7,Z9
t__SGB15318,U7,Z7
t__SGB15318,Z10,Z9
t__SGB15318,C11,U9
t__SGB15318,U9,Z9
t__SGB15318,U9,Z7
t__SGB15318,U9,Z10
t__SGB15318,U9,Z2
t__SGB15318,U9,Z12
t__SGB15318,U9,Z3
t__SGB15318,U4,U9
t__SGB15318,U4,Z2
t__SGB15318,C10,Z9
t__SGB15318,C10,Z3
t__SGB15318,U3,Z9
t__SGB15318,U3,U9
t__SGB15318,U3,Z12
t__SGB15318,U3,Z3
t__SGB15318,C6,Z9
t__SGB15318,Z12,Z9
t__SGB15318,Z12,Z3
t__SGB15318,Z3,Z9
t__SGB15318,C5,Z9
t__SGB15318,C5,U9
t__SGB15318,C5,Z3
t__SGB15318,C1,Z8
t__SGB15318,Z8,Z9
t__SGB15318,Z4,Z8
t__SGB15318,ERR14760561,ERR14760631
t__SGB15318,Z1,Z9
t__SGB15318,Z1,Z3
t__SGB15318,C8,U8
t__SGB15318,C8,Z9
t__SGB15318,C8,Z3
t__SGB15318,C8,Z1
t__SGB15323,ERR14760606,ERR14760628
t__SGB15323,ERR14760611,ERR14760844
t__SGB15323,ERR14760538,ERR14760844
t__SGB15323,ERR14760538,ERR14760611
t__SGB15323,ERR14760538,ERR14760561
t__SGB15323,ERR14760561,ERR14760606
t__SGB15323,ERR14760561,ERR14760844
t__SGB15323,ERR14760561,ERR14760611
t__SGB15323,ERR14760561,ERR14760603
t__SGB15323,ERR14760561,ERR14760628
t__SGB15323,ERR14760644,ERR14760682
t__SGB15323,U11,Z10
t__SGB15323,U11,Z9
t__SGB15323,U11,Z4
t__SGB15323,U11,Z12
t__SGB15323,U11,Z2
t__SGB15323,C1,U11
t__SGB15323,C1,C6
t__SGB15323,C1,C5
t__SGB15323,C1,Z10
t__SGB15323,C1,Z9
t__SGB15323,C1,Z4
t__SGB15323,C1,Z12
t__SGB15323,C6,U11
t__SGB15323,C6,Z10
t__SGB15323,C6,C7
t__SGB15323,C6,U6
t__SGB15323,C6,U4
t__SGB15323,C6,Z9
t__SGB15323,C6,Z4
t__SGB15323,C6,Z7
t__SGB15323,C6,Z12
t__SGB15323,C6,Z2
t__SGB15323,C5,U11
t__SGB15323,C5,C6
t__SGB15323,C5,Z10
t__SGB15323,C5,C7
t__SGB15323,C5,U6
t__SGB15323,C5,U4
t__SGB15323,C5,Z9
t__SGB15323,C5,Z4
t__SGB15323,C5,Z7
t__SGB15323,C5,Z12
t__SGB15323,C5,Z2
t__SGB15323,Z10,Z9
t__SGB15323,Z10,Z12
t__SGB15323,C7,Z10
t__SGB15323,C7,U6
t__SGB15323,C7,Z5
t__SGB15323,C7,Z6
t__SGB15323,U6,Z10
t__SGB15323,U6,Z5
t__SGB15323,U6,Z6
t__SGB15323,Z5,Z6
t__SGB15323,C11,U11
t__SGB15323,C11,C6
t__SGB15323,C11,C5
t__SGB15323,C11,U4
t__SGB15323,C11,Z9
t__SGB15323,C11,Z4
t__SGB15323,C11,Z12
t__SGB15323,U4,Z9
t__SGB15323,U4,Z4
t__SGB15323,Z4,Z9
t__SGB15323,Z4,Z8
t__SGB15323,Z8,Z9
t__SGB15323,Z7,Z9
t__SGB15323,Z12,Z9
t__SGB15323,Z12,Z4
t__SGB15323,Z12,Z7
t__SGB15323,Z12,Z2
t__SGB15323,Z2,Z9
t__SGB15323,Z2,Z7
t__SGB15323,ERR14760631,ERR14760867
t__SGB15323,ERR14760603,ERR14760648
t__SGB15323,ERR14760603,ERR14760628
t__SGB15323,ERR14760628,ERR14760718
t__SGB15323,ERR14760628,ERR14760648
t__SGB15332,ERR14760576,ERR14760770
t__SGB15332,ERR14760576,ERR14760619
t__SGB15332,ERR14760619,ERR14760682
t__SGB15332,C4,Z12
t__SGB15332,C4,U8
t__SGB15332,C4,Z9
t__SGB15332,C4,U11
t__SGB15332,C4,C7
t__SGB15332,C10,C4
t__SGB15332,C10,Z12
t__SGB15332,C10,U8
t__SGB15332,C10,U9
t__SGB15332,C10,Z1
t__SGB15332,C10,Z9
t__SGB15332,C10,U11
t__SGB15332,C10,C7
t__SGB15332,C10,C9
t__SGB15332,C1,Z12
t__SGB15332,Z12,Z9
t__SGB15332,Z12,Z3
t__SGB15332,C11,Z12
t__SGB15332,C11,Z5
t__SGB15332,C11,U8
t__SGB15332,C11,U9
t__SGB15332,C11,Z1
t__SGB15332,C11,C7
t__SGB15332,U8,Z12
t__SGB15332,U8,Z7
t__SGB15332,U8,U9
t__SGB15332,U8,Z1
t__SGB15332,U8,Z9
t__SGB15332,U9,Z12
t__SGB15332,U9,Z7
t__SGB15332,U9,Z1
t__SGB15332,U9,Z9
t__SGB15332,Z1,Z12
t__SGB15332,Z1,Z7
t__SGB15332,Z1,Z9
t__SGB15332,ERR14760670,ERR14760710
t__SGB15332,C2,Z12
t__SGB15332,C2,U8
t__SGB15332,C2,U9
t__SGB15332,C2,Z1
t__SGB15332,C2,C7
t__SGB15332,ERR14760561,ERR14760762
t__SGB15332,ERR14760561,ERR14760603
t__SGB15332,ERR14760603,ERR14760762
t__SGB15332,ERR14760441,ERR14760603
t__SGB15332,ERR14760618,ERR14760865
t__SGB15332,C8,Z12
t__SGB15332,C8,Z9
t__SGB15332,C8,Z3
t__SGB15332,C8,U11
t__SGB15332,Z3,Z9
t__SGB15332,Z11,Z9
t__SGB15332,Z11,Z3
t__SGB15332,U11,Z12
t__SGB15332,U11,U8
t__SGB15332,U11,U9
t__SGB15332,U11,Z1
t__SGB15332,U11,Z9
t__SGB15332,U11,Z3
t__SGB15332,U11,Z11
t__SGB15332,U11,U3
t__SGB15332,Z4,Z6
t__SGB15332,ERR14760509,ERR14760718
t__SGB15332,ERR14760509,ERR14760697
t__SGB15332,ERR14760697,ERR14760718
t__SGB15332,U6,Z4
t__SGB15332,U6,Z6
t__SGB15332,U6,Z2
t__SGB15332,U6,Z10
t__SGB15332,C12,U6
t__SGB15332,C6,Z4
t__SGB15332,C6,U6
t__SGB15332,C6,Z2
t__SGB15332,C6,Z10
t__SGB15332,C6,U3
t__SGB15332,Z2,Z4
t__SGB15332,U3,Z9
t__SGB15332,U3,Z4
t__SGB15332,U3,U6
t__SGB15332,U3,Z2
t__SGB15332,U3,Z10
t__SGB15332,C7,Z12
t__SGB15332,C7,U8
t__SGB15332,C7,U9
t__SGB15332,C7,Z1
t__SGB15332,C7,C8
t__SGB15332,C7,Z9
t__SGB15332,C7,Z3
t__SGB15332,C7,Z11
t__SGB15332,C7,U11
t__SGB15332,C7,U3
t__SGB15332,C7,C9
t__SGB15332,ERR14760436,ERR14760770
t__SGB15332,ERR14760504,ERR14760770
t__SGB15332,ERR14760504,ERR14760631
t__SGB15332,ERR14760504,ERR14760611
t__SGB15332,ERR14760611,ERR14760810
t__SGB15332,ERR14760611,ERR14760770
t__SGB15339,Z2,Z9
t__SGB15339,C1,Z2
t__SGB15339,C1,Z9
t__SGB15339,C1,U3
t__SGB15339,C1,C6
t__SGB15339,C2,Z9
t__SGB15339,U7,Z12
t__SGB15339,C8,U7
t__SGB15339,C8,Z12
t__SGB15339,Z12,Z9
t__SGB15339,U11,Z1
t__SGB15339,C3,Z2
t__SGB15339,C3,Z9
t__SGB15339,C3,Z12
t__SGB15339,C3,Z11
t__SGB15339,C3,Z4
t__SGB15339,C3,C5
t__SGB15339,C3,U9
t__SGB15339,C3,U3
t__SGB15339,C3,C6
t__SGB15339,Z4,Z9
t__SGB15339,C5,U8
t__SGB15339,C5,U3
t__SGB15339,C4,U2
t__SGB15339,U6,U9
t__SGB15339,ERR14760611,ERR14760619
t__SGB15339,Z3,Z6
t__SGB15339,U3,Z2
t__SGB15339,U3,Z9
t__SGB15339,U3,Z12
t__SGB15339,U3,Z4
t__SGB15339,U3,U9
t__SGB15339,C6,Z2
t__SGB15339,C6,Z9
t__SGB15339,C6,U3
t__SGB15340,C1,Z11
t__SGB15340,C1,C7
t__SGB15340,C1,Z2
t__SGB15340,C1,Z3
t__SGB15340,C1,C3
t__SGB15340,C1,Z12
t__SGB15340,C1,U9
t__SGB15340,C1,C6
t__SGB15340,Z11,Z2
t__SGB15340,Z11,Z3
t__SGB15340,Z11,Z12
t__SGB15340,C8,Z11
t__SGB15340,U7,Z11
t__SGB15340,U7,Z2
t__SGB15340,U7,U8
t__SGB15340,U7,Z3
t__SGB15340,U7,Z12
t__SGB15340,C7,Z11
t__SGB15340,C7,U7
t__SGB15340,C7,U11
t__SGB15340,C7,Z2
t__SGB15340,C7,U8
t__SGB15340,C7,Z3
t__SGB15340,C7,U5
t__SGB15340,C7,Z12
t__SGB15340,C7,U9
t__SGB15340,U11,U7
t__SGB15340,U11,Z2
t__SGB15340,U11,Z3
t__SGB15340,U11,Z12
t__SGB15340,Z2,Z3
t__SGB15340,U8,Z2
t__SGB15340,U8,Z9
t__SGB15340,U8,Z3
t__SGB15340,U8,Z12
t__SGB15340,C10,U7
t__SGB15340,C10,C7
t__SGB15340,C10,Z2
t__SGB15340,C10,U8
t__SGB15340,C10,Z9
t__SGB15340,C10,C2
t__SGB15340,C10,Z3
t__SGB15340,C10,C3
t__SGB15340,C10,U5
t__SGB15340,C10,Z12
t__SGB15340,C10,C6
t__SGB15340,U10,Z9
t__SGB15340,U10,Z3
t__SGB15340,C2,C7
t__SGB15340,C2,Z2
t__SGB15340,C2,U8
t__SGB15340,C2,Z9
t__SGB15340,C2,U10
t__SGB15340,C2,U12
t__SGB15340,C2,C9
t__SGB15340,C2,C5
t__SGB15340,C2,Z3
t__SGB15340,C2,C3
t__SGB15340,C5,C9
t__SGB15340,Z3,Z9
t__SGB15340,C3,Z11
t__SGB15340,C3,U7
t__SGB15340,C3,C7
t__SGB15340,C3,U11
t__SGB15340,C3,Z2
t__SGB15340,C3,U8
t__SGB15340,C3,Z9
t__SGB15340,C3,Z3
t__SGB15340,C3,U5
t__SGB15340,C3,Z12
t__SGB15340,C3,U9
t__SGB15340,C3,C6
t__SGB15340,U5,U7
t__SGB15340,U5,Z2
t__SGB15340,U5,U8
t__SGB15340,U5,Z3
t__SGB15340,U5,Z12
t__SGB15340,Z12,Z2
t__SGB15340,Z12,Z3
t__SGB15340,Z12,Z8
t__SGB15340,C4,U9
t__SGB15340,C4,C6
t__SGB15340,U3,U6
t__SGB15340,U3,Z4
t__SGB15340,U3,U9
t__SGB15340,U6,Z4
t__SGB15340,U6,U9
t__SGB15340,C11,U3
t__SGB15340,C11,U6
t__SGB15340,C11,Z4
t__SGB15340,U4,U9
t__SGB15340,U9,Z11
t__SGB15340,U9,Z2
t__SGB15340,U9,Z3
t__SGB15340,U9,Z12
t__SGB15340,U9,Z4
t__SGB15340,C6,Z11
t__SGB15340,C6,C8
t__SGB15340,C6,U7
t__SGB15340,C6,C7
t__SGB15340,C6,U11
t__SGB15340,C6,Z2
t__SGB15340,C6,U8
t__SGB15340,C6,Z3
t__SGB15340,C6,U5
t__SGB15340,C6,Z12
t__SGB15340,C6,Z8
t__SGB15340,C6,U3
t__SGB15340,C6,Z4
t__SGB15340,C6,U4
t__SGB15340,C6,U9
t__SGB15342,ERR14760611,ERR14760867
t__SGB15342,ERR14760611,ERR14760695
t__SGB15342,ERR14760611,ERR14760631
t__SGB15342,ERR14760611,ERR14760618
t__SGB15342,ERR14760611,ERR14760862
t__SGB15342,ERR14760611,ERR14760814
t__SGB15342,ERR14760426,ERR14760611
t__SGB15342,ERR14760426,ERR14760867
t__SGB15342,ERR14760426,ERR14760436
t__SGB15342,ERR14760436,ERR14760611
t__SGB15342,ERR14760436,ERR14760867
t__SGB15342,ERR14760436,ERR14760619
t__SGB15342,ERR14760436,ERR14760695
t__SGB15342,ERR14760436,ERR14760631
t__SGB15342,ERR14760436,ERR14760618
t__SGB15342,ERR14760436,ERR14760862
t__SGB15342,ERR14760436,ERR14760603
t__SGB15342,ERR14760436,ERR14760814
t__SGB15342,ERR14760436,ERR14760538
t__SGB15342,ERR14760695,ERR14760862
t__SGB15342,ERR14760631,ERR14760695
t__SGB15342,ERR14760631,ERR14760862
t__SGB15342,ERR14760618,ERR14760695
t__SGB15342,ERR14760618,ERR14760631
t__SGB15342,ERR14760618,ERR14760628
t__SGB15342,ERR14760618,ERR14760862
t__SGB15342,C3,Z12
t__SGB15342,ERR14760603,ERR14760611
t__SGB15342,ERR14760603,ERR14760695
t__SGB15342,ERR14760603,ERR14760631
t__SGB15342,ERR14760603,ERR14760618
t__SGB15342,ERR14760603,ERR14760862
t__SGB15342,C12,U3
t__SGB15342,ERR14760548,ERR14760814
t__SGB15342,ERR14760548,ERR14760648
t__SGB15342,ERR14760548,ERR14760786
t__SGB15342,ERR14760538,ERR14760611
t__SGB15342,ERR14760538,ERR14760814
t__SGB15346,C3,C9
t__SGB15346,C3,C4
t__SGB15346,C4,C9
t__SGB15346,U2,U8
t__SGB15346,U2,U6
t__SGB15346,C10,Z1
t__SGB15346,C10,U1
t__SGB15346,C10,U8
t__SGB15346,C10,U6
t__SGB15346,U3,Z7
t__SGB15346,U3,U9
t__SGB15346,U3,U8
t__SGB15346,U3,U7
t__SGB15346,U3,Z3
t__SGB15346,U3,U6
t__SGB15346,U9,Z7
t__SGB15346,U9,Z3
t__SGB15346,U8,Z7
t__SGB15346,U8,U9
t__SGB15346,U8,Z3
t__SGB15346,U8,Z2
t__SGB15346,U7,Z7
t__SGB15346,U7,U9
t__SGB15346,U7,U8
t__SGB15346,U7,Z3
t__SGB15346,ERR14760576,ERR14760620
t__SGB15346,U11,Z7
t__SGB15346,U11,U3
t__SGB15346,U11,U9
t__SGB15346,U11,U8
t__SGB15346,U11,Z3
t__SGB15346,U11,U6
t__SGB15346,Z3,Z7
t__SGB15346,C11,Z6
t__SGB15346,C11,Z5
t__SGB15346,C11,Z11
t__SGB15346,Z11,Z6
t__SGB15346,Z11,Z5
t__SGB15346,Z2,Z3
t__SGB15346,C8,U6
t__SGB15346,U6,U9
t__SGB15346,U6,U8
t__SGB15346,U6,Z3
t__SGB15346,U6,Z2
t__SGB15346,U6,Z4
t__SGB15346,C5,U8
t__SGB15346,C5,Z3
t__SGB15346,C5,Z2
t__SGB15346,C5,C8
t__SGB15346,C5,U6
t__SGB15346,C5,Z4
t__SGB15346,C7,U6
t__SGB15346,C7,U12
t__SGB15346,ERR14760504,ERR14760770
t__SGB15346,ERR14760724,ERR14760865
t__SGB15356,C6,Z6
t__SGB15356,C6,Z8
t__SGB15356,C6,Z3
t__SGB15356,C6,Z10
t__SGB15356,C6,C7
t__SGB15356,C6,Z12
t__SGB15356,C6,Z11
t__SGB15356,Z6,Z8
t__SGB15356,C11,C6
t__SGB15356,C11,Z6
t__SGB15356,U5,Z8
t__SGB15356,C4,C6
t__SGB15356,C4,Z8
t__SGB15356,C4,Z1
t__SGB15356,U12,Z4
t__SGB15356,Z3,Z6
t__SGB15356,C3,Z3
t__SGB15356,Z10,Z3
t__SGB15356,ERR14760538,ERR14760837
t__SGB15356,ERR14760538,ERR14760644
t__SGB15356,ERR14760538,ERR14760810
t__SGB15356,ERR14760538,ERR14760618
t__SGB15356,ERR14760442,ERR14760538
t__SGB15356,ERR14760442,ERR14760837
t__SGB15356,ERR14760442,ERR14760644
t__SGB15356,ERR14760442,ERR14760810
t__SGB15356,ERR14760442,ERR14760618
t__SGB15356,ERR14760644,ERR14760837
t__SGB15356,ERR14760644,ERR14760810
t__SGB15356,ERR14760810,ERR14760837
t__SGB15356,ERR14760618,ERR14760837
t__SGB15356,ERR14760618,ERR14760644
t__SGB15356,ERR14760618,ERR14760810
t__SGB15356,C7,Z6
t__SGB15356,C7,Z12
t__SGB15356,C7,Z11
t__SGB15356,Z12,Z6
t__SGB15356,Z11,Z6
t__SGB15356,Z11,Z12
t__SGB15368,C8,U9
t__SGB15368,U9,Z1
t__SGB15368,C11,U9
t__SGB15368,C11,Z1
t__SGB15368,C11,Z12
t__SGB15368,C11,U5
t__SGB15368,C11,U3
t__SGB15368,C11,U4
t__SGB15368,U3,U9
t__SGB15368,U3,Z1
t__SGB15368,U3,U4
t__SGB15368,U4,U9
t__SGB15368,U4,Z1
t__SGB15368,ERR14760644,ERR14760810
t__SGB15368,ERR14760704,ERR14760762
t__SGB15368,ERR14760611,ERR14760762
t__SGB15368,ERR14760611,ERR14760704
t__SGB15374,Z2,Z4
t__SGB15374,U4,Z4
t__SGB15374,U4,Z7
t__SGB15374,C11,U4
t__SGB15374,U3,Z10
t__SGB15374,U3,U8
t__SGB15374,U9,Z10
t__SGB15374,Z10,Z6
t__SGB15374,U8,Z11
t__SGB15374,U8,Z5
t__SGB15374,U8,U9
t__SGB15374,U8,Z10
t__SGB15374,U8,Z6
t__SGB15374,ERR14760603,ERR14760637
t__SGB15374,ERR14760581,ERR14760603
t__SGB15374,ERR14760581,ERR14760637
t__SGB15374,C8,Z1
t__SGB15374,C3,Z1
t__SGB15374,C3,U5
t__SGB15374,C3,U11
t__SGB15467,ERR14760509,ERR14760620
t__SGB15467,ERR14760441,ERR14760576
t__SGB15467,ERR14760436,ERR14760619
t__SGB15467,C1,U4
t__SGB15467,C1,U8
t__SGB15467,U4,U8
t__SGB15467,U5,U9
t__SGB15467,U5,Z11
t__SGB15467,ERR14760426,ERR14760603
t__SGB15467,C8,U5
t__SGB15467,C8,Z10
t__SGB15467,C8,Z1
t__SGB15467,Z1,Z10
t__SGB1613,Z5,Z9
t__SGB1613,C6,Z5
t__SGB1613,C6,Z3
t__SGB1613,C6,Z9
t__SGB1613,C6,U6
t__SGB1613,C6,Z12
t__SGB1613,C6,U3
t__SGB1613,C1,C6
t__SGB1613,C1,Z3
t__SGB1613,C1,Z1
t__SGB1613,C1,Z2
t__SGB1613,Z1,Z3
t__SGB1613,Z1,Z2
t__SGB1613,Z2,Z3
t__SGB1613,ERR14760644,ERR14760810
t__SGB1613,C12,Z5
t__SGB1613,C12,C6
t__SGB1613,C12,Z9
t__SGB1613,C12,U6
t__SGB1613,C12,Z12
t__SGB1613,C12,U3
t__SGB1613,ERR14760504,ERR14760670
t__SGB1613,ERR14760504,ERR14760695
t__SGB1613,ERR14760504,ERR14760864
t__SGB1613,U7,Z9
t__SGB1613,C10,C6
t__SGB1613,C10,C12
t__SGB1613,C10,Z9
t__SGB1613,C10,U6
t__SGB1613,C10,Z12
t__SGB1613,C10,U3
t__SGB1613,U6,Z9
t__SGB1613,U6,Z12
t__SGB1613,Z12,Z5
t__SGB1613,Z12,Z9
t__SGB1613,U3,Z5
t__SGB1613,U3,Z9
t__SGB1613,U3,U6
t__SGB1613,U3,Z12
t__SGB1613,C9,Z8
t__SGB1614,C11,Z5
t__SGB1614,C11,U7
t__SGB1614,U7,Z5
t__SGB1614,U7,U8
t__SGB1614,U7,Z3
t__SGB1614,U7,Z12
t__SGB1614,U7,Z9
t__SGB1614,U7,Z2
t__SGB1614,U7,Z4
t__SGB1614,U7,U9
t__SGB1614,C7,U7
t__SGB1614,C7,Z3
t__SGB1614,C7,Z12
t__SGB1614,C7,Z4
t__SGB1614,C10,U7
t__SGB1614,C10,U5
t__SGB1614,C10,Z4
t__SGB1614,Z1,Z6
t__SGB1614,U11,Z1
t__SGB1614,U11,Z6
t__SGB1614,C1,U7
t__SGB1614,C1,Z3
t__SGB1614,C1,C7
t__SGB1614,C1,Z12
t__SGB1614,C1,C10
t__SGB1614,C1,U12
t__SGB1614,C1,Z2
t__SGB1614,C1,Z4
t__SGB1614,C1,C6
t__SGB1614,C1,U3
t__SGB1614,U12,U7
t__SGB1614,U12,Z4
t__SGB1614,Z2,Z4
t__SGB1614,U6,U7
t__SGB1614,U6,U9
t__SGB1614,C6,U7
t__SGB1614,C6,Z4
t__SGB1614,C6,U3
t__SGB1614,C4,C6
t__SGB1614,C5,U7
t__SGB1614,C5,U3
t__SGB1614,U3,U7
t__SGB1614,U3,Z4
t__SGB1617,ERR14760603,ERR14760847
t__SGB1617,C9,Z2
t__SGB1617,C9,U9
t__SGB1617,U9,Z2
t__SGB1617,C1,U5
t__SGB1617,U5,Z2
t__SGB1617,U5,U9
t__SGB1617,C3,U12
t__SGB1617,ERR14760606,ERR14760637
t__SGB1617,U8,Z8
t__SGB1617,Z7,Z8
t__SGB1617,U6,Z10
t__SGB1617,U6,Z8
t__SGB1617,U6,Z7
t__SGB1617,U6,Z9
t__SGB1617,U3,U6
t__SGB1617,U3,Z9
t__SGB1617,U3,U4
t__SGB1617,U11,U6
t__SGB1617,U11,U3
t__SGB1617,U11,Z9
t__SGB1617,U11,U4
t__SGB1617,U4,U6
t__SGB1617,U4,Z9
t__SGB1617,C7,U3
t__SGB1617,C7,U11
t__SGB1617,C7,Z9
t__SGB1617,C7,U4
t__SGB1617,C2,U3
t__SGB1617,C2,Z9
t__SGB1617,C2,U4
t__SGB1617,C2,C7
t__SGB1617,C2,Z6
t__SGB1617,C2,Z5
t__SGB1617,Z5,Z6
t__SGB1617,ERR14760509,ERR14760637
t__SGB1617,C5,U6
t__SGB1617,C5,U3
t__SGB1617,C5,U11
t__SGB1617,C5,Z9
t__SGB1617,C5,U4
t__SGB1617,C5,C7
t__SGB1617,C5,C6
t__SGB1617,C6,U6
t__SGB1617,C6,U3
t__SGB1617,C6,U11
t__SGB1617,C6,Z9
t__SGB1617,C6,U4
t__SGB1617,C6,C7
t__SGB1617,ERR14760504,ERR14760606
t__SGB1617,ERR14760504,ERR14760637
t__SGB1617,Z11,Z12
t__SGB1626,ERR14760576,ERR14760695
t__SGB1626,U12,Z4
t__SGB1626,U12,Z2
t__SGB1626,U12,Z1
t__SGB1626,U12,U9
t__SGB1626,U12,U3
t__SGB1626,ERR14760522,ERR14760611
t__SGB1626,ERR14760522,ERR14760548
t__SGB1626,ERR14760611,ERR14760847
t__SGB1626,ERR14760611,ERR14760810
t__SGB1626,C3,U1
t__SGB1626,ERR14760548,ERR14760847
t__SGB1626,ERR14760548,ERR14760611
t__SGB1626,ERR14760548,ERR14760810
t__SGB1626,ERR14760548,ERR14760844
t__SGB1626,ERR14760548,ERR14760704
t__SGB1626,ERR14760548,ERR14760762
t__SGB1626,ERR14760704,ERR14760762
t__SGB1626,ERR14760447,ERR14760619
t__SGB1626,C6,Z2
t__SGB1626,C6,Z1
t__SGB1626,Z2,Z4
t__SGB1626,Z1,Z4
t__SGB1626,Z1,Z2
t__SGB1626,C5,U12
t__SGB1626,C5,Z4
t__SGB1626,C5,Z2
t__SGB1626,C5,Z1
t__SGB1626,C5,U9
t__SGB1626,C5,C9
t__SGB1626,C5,U11
t__SGB1626,C5,Z3
t__SGB1626,C5,Z9
t__SGB1626,C5,U3
t__SGB1626,U9,Z2
t__SGB1626,U9,Z1
t__SGB1626,U9,Z3
t__SGB1626,U9,Z9
t__SGB1626,U9,Z8
t__SGB1626,U9,Z6
t__SGB1626,C9,U12
t__SGB1626,C9,Z2
t__SGB1626,C9,Z1
t__SGB1626,C9,U9
t__SGB1626,C9,U11
t__SGB1626,C9,Z3
t__SGB1626,C9,Z9
t__SGB1626,C9,Z8
t__SGB1626,C9,Z6
t__SGB1626,C9,U3
t__SGB1626,U11,U9
t__SGB1626,U11,Z3
t__SGB1626,U11,Z9
t__SGB1626,U11,Z8
t__SGB1626,U11,Z6
t__SGB1626,Z3,Z9
t__SGB1626,Z3,Z8
t__SGB1626,Z3,Z6
t__SGB1626,Z8,Z9
t__SGB1626,Z6,Z9
t__SGB1626,Z6,Z8
t__SGB1626,ERR14760426,ERR14760865
t__SGB1626,ERR14760426,ERR14760504
t__SGB1626,ERR14760504,ERR14760865
t__SGB1626,ERR14760504,ERR14760606
t__SGB1626,ERR14760504,ERR14760864
t__SGB1626,ERR14760606,ERR14760865
t__SGB1626,ERR14760606,ERR14760864
t__SGB1626,C12,U4
t__SGB1626,C12,C8
t__SGB1626,C12,U7
t__SGB1626,ERR14760436,ERR14760865
t__SGB1626,ERR14760436,ERR14760504
t__SGB1626,ERR14760436,ERR14760864
t__SGB1626,ERR14760864,ERR14760865
t__SGB1626,U3,Z4
t__SGB1626,U3,Z2
t__SGB1626,U3,Z1
t__SGB1626,U3,U9
t__SGB1626,U3,U6
t__SGB1626,U3,Z11
t__SGB1626,U6,Z11
t__SGB1626,U6,Z12
t__SGB1626,Z11,Z12
t__SGB1626,Z12,Z5
t__SGB1626,C2,Z12
t__SGB1626,C2,Z5
t__SGB1635,ERR14760576,ERR14760603
t__SGB1635,ERR14760603,ERR14760637
t__SGB1635,C8,Z12
t__SGB1635,C10,C8
t__SGB1635,C10,Z12
t__SGB1635,C9,U11
t__SGB1635,C1,C11
t__SGB1635,C3,Z5
t__SGB1635,U12,Z6
t__SGB1635,U3,U6
t__SGB1635,U3,Z3
t__SGB1635,U6,Z9
t__SGB1635,U6,U9
t__SGB1635,U6,Z3
t__SGB1635,U9,Z9
t__SGB1635,C4,U9
t__SGB1635,C5,C7
t__SGB1635,C5,Z8
t__SGB1635,C7,Z8
t__SGB1635,Z2,Z3
t__SGB1635,U7,Z3
t__SGB1635,U7,Z11
t__SGB1635,Z11,Z3
t__SGB1636,C1,Z5
t__SGB1636,C5,Z12
t__SGB1636,C5,U12
t__SGB1636,U12,Z12
t__SGB1636,ERR14760436,ERR14760509
t__SGB1636,U4,Z4
t__SGB1636,U10,U3
t__SGB1636,C6,C9
t__SGB1644,Z12,Z9
t__SGB1644,ERR14760618,ERR14760631
t__SGB1644,ERR14760618,ERR14760762
t__SGB1644,ERR14760618,ERR14760704
t__SGB1644,C3,U2
t__SGB1644,ERR14760704,ERR14760762
t__SGB1644,ERR14760611,ERR14760618
t__SGB1644,ERR14760611,ERR14760762
t__SGB1644,ERR14760611,ERR14760704
t__SGB1644,C2,C3
t__SGB1644,C2,U2
t__SGB1644,ERR14760606,ERR14760695
t__SGB1644,C11,Z6
t__SGB1644,C11,U9
t__SGB1644,C11,U3
t__SGB1644,C1,C9
t__SGB1644,C1,Z6
t__SGB1644,C9,Z6
t__SGB1644,C8,U9
t__SGB1644,C8,U3
t__SGB1644,C8,Z10
t__SGB1644,U9,Z4
t__SGB1644,U9,Z11
t__SGB1644,U9,Z3
t__SGB1644,U9,Z10
t__SGB1644,C7,U9
t__SGB1644,C7,U3
t__SGB1644,C7,Z10
t__SGB1644,U3,Z4
t__SGB1644,U3,U9
t__SGB1644,U3,Z11
t__SGB1644,U3,U6
t__SGB1644,U3,Z3
t__SGB1644,U3,Z10
t__SGB1644,Z2,Z8
t__SGB1644,Z11,Z3
t__SGB1644,C5,U9
t__SGB1644,C5,U3
t__SGB1644,C5,Z11
t__SGB1644,C5,Z3
t__SGB1644,C5,Z10
t__SGB1644,C10,U9
t__SGB1644,C10,U3
t__SGB1644,C10,Z11
t__SGB1644,C10,C5
t__SGB1644,C10,Z3
t__SGB1644,C10,Z10
t__SGB1644,U6,U9
t__SGB1644,U6,Z3
t__SGB1644,U6,Z10
t__SGB1644,Z3,Z7
t__SGB1644,C6,Z3
t__SGB1644,C6,Z10
t__SGB1644,U8,Z3
t__SGB1644,U8,Z10
t__SGB1644,U11,Z3
t__SGB1644,U11,U8
t__SGB1644,U11,Z10
t__SGB1644,C4,U4
t__SGB1644,Z10,Z4
t__SGB1644,Z10,Z11
t__SGB1644,Z10,Z3
t__SGB1653,C9,Z6
t__SGB1653,C9,U9
t__SGB1653,C9,Z4
t__SGB1653,C9,U3
t__SGB1653,C9,U6
t__SGB1653,C9,U4
t__SGB1653,C9,Z3
t__SGB1653,C9,U5
t__SGB1653,C5,C9
t__SGB1653,C12,Z6
t__SGB1653,C12,C9
t__SGB1653,U9,Z6
t__SGB1653,U9,Z4
t__SGB1653,U9,Z3
t__SGB1653,C6,U12
t__SGB1653,C6,Z5
t__SGB1653,C6,Z1
t__SGB1653,C6,Z4
t__SGB1653,C6,U3
t__SGB1653,C6,U6
t__SGB1653,C6,U4
t__SGB1653,C6,Z3
t__SGB1653,U12,Z5
t__SGB1653,U12,Z4
t__SGB1653,U12,U3
t__SGB1653,U12,Z3
t__SGB1653,C11,C6
t__SGB1653,C11,U12
t__SGB1653,C11,Z5
t__SGB1653,C11,Z1
t__SGB1653,C11,Z4
t__SGB1653,C11,U3
t__SGB1653,C11,Z3
t__SGB1653,Z1,Z5
t__SGB1653,Z4,Z6
t__SGB1653,Z4,Z5
t__SGB1653,U3,Z6
t__SGB1653,U3,U9
t__SGB1653,U3,Z5
t__SGB1653,U3,Z4
t__SGB1653,U3,U6
t__SGB1653,U3,U4
t__SGB1653,U3,Z3
t__SGB1653,C4,U3
t__SGB1653,C4,U6
t__SGB1653,C4,U4
t__SGB1653,C4,Z3
t__SGB1653,U6,Z6
t__SGB1653,U6,U9
t__SGB1653,U6,Z5
t__SGB1653,U6,Z4
t__SGB1653,U6,Z3
t__SGB1653,U4,Z6
t__SGB1653,U4,Z4
t__SGB1653,U4,U6
t__SGB1653,U4,Z3
t__SGB1653,Z3,Z6
t__SGB1653,Z3,Z5
t__SGB1653,Z3,Z4
t__SGB1653,C1,U5
t__SGB1653,C2,U11
t__SGB1653,C2,Z9
t__SGB1653,U11,Z9
t__SGB1653,Z11,Z12
t__SGB1653,Z7,Z8
t__SGB1653,C7,Z8
t__SGB1653,C7,Z7
t__SGB1653,C7,U8
t__SGB1657,U6,Z3
t__SGB1657,C8,U6
t__SGB1657,C9,Z2
t__SGB1657,C5,U11
t__SGB1657,Z3,Z6
t__SGB1657,Z3,Z5
t__SGB1657,U5,Z3
t__SGB1657,U5,Z6
t__SGB1657,U5,Z5
t__SGB1657,U9,Z3
t__SGB1657,U9,Z6
t__SGB1657,U9,Z5
t__SGB1657,Z5,Z6
t__SGB1657,U10,Z9
t__SGB1657,U10,Z1
t__SGB1657,Z1,Z9
t__SGB1657,U8,Z6
t__SGB1657,U8,Z11
t__SGB1657,C1,U7
t__SGB1657,C1,Z10
t__SGB1657,C1,C10
t__SGB1657,U7,Z10
t__SGB1657,C6,U7
t__SGB1657,C6,Z10
t__SGB1657,C10,U6
t__SGB1657,C10,Z3
t__SGB1657,C10,U7
t__SGB1657,C10,Z10
t__SGB1657,C10,C3
t__SGB1657,C10,C2
t__SGB1657,C2,C3
t__SGB1662,U11,Z2
t__SGB1662,U11,U7
t__SGB1662,U11,Z6
t__SGB1662,Z2,Z4
t__SGB1662,Z2,Z6
t__SGB1662,U7,Z2
t__SGB1662,U7,Z6
t__SGB1662,C11,Z2
t__SGB1662,C11,U7
t__SGB1662,C11,Z4
t__SGB1662,C11,U8
t__SGB1662,U8,Z4
t__SGB1662,C2,Z1
t__SGB1662,C12,Z10
t__SGB1662,C12,Z3
t__SGB1662,Z10,Z3
t__SGB1662,C1,Z5
t__SGB1662,U6,U9
t__SGB1662,U3,U9
t__SGB1662,U3,U6
t__SGB1666,C11,Z6
t__SGB1666,C1,C5
t__SGB1666,ERR14760628,ERR14760695
t__SGB1666,Z11,Z12
t__SGB1666,C6,Z3
t__SGB1666,C9,U11
t__SGB1666,U5,Z5
t__SGB1666,U5,Z1
t__SGB1666,C4,U5
t__SGB1666,C4,Z5
t__SGB1666,C4,Z1
t__SGB1666,Z1,Z5
t__SGB1666,U8,Z8
t__SGB1668,Z11,Z12
t__SGB1668,U4,Z8
t__SGB1668,U4,Z7
t__SGB1668,U4,Z5
t__SGB1668,U12,U4
t__SGB1668,U12,Z7
t__SGB1668,U12,Z5
t__SGB1668,C2,Z8
t__SGB1668,C2,U4
t__SGB1668,C2,Z7
t__SGB1668,C2,U12
t__SGB1668,C2,Z5
t__SGB1668,Z5,Z8
t__SGB1668,Z5,Z7
t__SGB1668,ERR14760436,ERR14760809
t__SGB1668,Z10,Z4
t__SGB1668,C5,Z4
t__SGB1668,C5,Z10
t__SGB1668,ERR14760504,ERR14760770
t__SGB1668,C1,Z1
t__SGB1668,Z2,Z3
t__SGB1668,U11,Z9
t__SGB1668,Z6,Z9
t__SGB1672,ERR14760670,ERR14760809
t__SGB1672,ERR14760509,ERR14760847
t__SGB1672,U3,Z2
t__SGB1672,U3,U4
t__SGB1672,U3,U8
t__SGB1672,U4,Z2
t__SGB1672,U4,U8
t__SGB1672,U8,Z2
t__SGB1672,Z11,Z12
t__SGB1672,C1,Z6
t__SGB1672,C1,U10
t__SGB1672,C1,U11
t__SGB1672,U10,Z6
t__SGB1672,U10,U11
t__SGB1672,U11,Z6
t__SGB1672,Z10,Z8
t__SGB1672,C6,Z10
t__SGB1672,C6,Z8
t__SGB1672,C12,U5
t__SGB1676,ERR14760606,ERR14760865
t__SGB1676,ERR14760509,ERR14760606
t__SGB1676,ERR14760509,ERR14760865
t__SGB1676,ERR14760509,ERR14760538
t__SGB1676,ERR14760538,ERR14760606
t__SGB1676,ERR14760538,ERR14760865
t__SGB1676,ERR14760436,ERR14760606
t__SGB1676,ERR14760436,ERR14760509
t__SGB1676,ERR14760436,ERR14760865
t__SGB1676,ERR14760436,ERR14760538
t__SGB1676,C5,Z5
t__SGB1676,C5,Z4
t__SGB1676,ERR14760442,ERR14760504
t__SGB1676,C6,Z2
t__SGB1676,C6,Z7
t__SGB1676,C6,U10
t__SGB1676,C6,Z6
t__SGB1676,C6,Z4
t__SGB1676,C6,U11
t__SGB1676,Z2,Z7
t__SGB1676,Z2,Z6
t__SGB1676,Z2,Z4
t__SGB1676,C11,C6
t__SGB1676,C11,Z2
t__SGB1676,C11,Z7
t__SGB1676,C11,U10
t__SGB1676,C11,C12
t__SGB1676,C11,Z6
t__SGB1676,C11,C2
t__SGB1676,C11,Z4
t__SGB1676,U10,Z2
t__SGB1676,U10,Z7
t__SGB1676,U10,Z6
t__SGB1676,U10,Z4
t__SGB1676,C12,C6
t__SGB1676,C12,Z2
t__SGB1676,C12,Z7
t__SGB1676,C12,U10
t__SGB1676,C12,Z6
t__SGB1676,C12,C2
t__SGB1676,Z6,Z7
t__SGB1676,C2,C6
t__SGB1676,C2,Z2
t__SGB1676,C2,Z7
t__SGB1676,C2,U10
t__SGB1676,C2,Z6
t__SGB1676,Z4,Z9
t__SGB1676,U11,Z4
t__SGB1676,U11,U12
t__SGB1676,U11,Z9
t__SGB1676,U12,Z4
t__SGB1676,C1,Z4
t__SGB1676,C9,Z10
t__SGB1676,C9,U5
t__SGB1676,Z10,Z4
t__SGB1676,U5,Z10
t__SGB1676,U5,U6
t__SGB1676,U6,Z10
t__SGB1676,U4,Z10
t__SGB1676,U4,U5
t__SGB1676,U4,U6
t__SGB1676,U3,Z4
t__SGB1676,U3,Z11
t__SGB1676,U3,Z3
t__SGB1676,U3,U8
t__SGB1677,C10,Z9
t__SGB1677,U1,U6
t__SGB1677,U1,Z8
t__SGB1677,U6,Z8
t__SGB1677,U11,U9
t__SGB1677,U11,U5
t__SGB1677,U11,U7
t__SGB1677,U5,U9
t__SGB1677,U5,U7
t__SGB1677,U7,U9
t__SGB1677,C5,U9
t__SGB1677,C5,U11
t__SGB1677,C5,U5
t__SGB1677,C5,U7
t__SGB1677,U4,Z5
t__SGB1677,C8,U4
t__SGB1677,C8,Z5
t__SGB1677,ERR14760509,ERR14760710
t__SGB1677,C2,U4
t__SGB1677,C2,C8
t__SGB1677,C2,Z5
t__SGB1677,ERR14760576,ERR14760695
t__SGB1677,ERR14760442,ERR14760648
t__SGB1677,U10,Z1
t__SGB1677,C3,U12
t__SGB1679,C5,U12
t__SGB1679,C5,U6
t__SGB1679,C1,C5
t__SGB1679,C1,U12
t__SGB1679,C1,U6
t__SGB1679,U12,U6
t__SGB1679,U6,Z7
t__SGB1679,U6,Z1
t__SGB1679,U6,Z11
t__SGB1679,C9,Z1
t__SGB1679,C9,Z11
t__SGB1679,Z1,Z11
t__SGB1679,ERR14760704,ERR14760762
t__SGB1679,ERR14760648,ERR14760704
t__SGB1679,ERR14760648,ERR14760762
t__SGB1679,U11,Z3
t__SGB1679,C2,Z3
t__SGB1679,U3,U5
t__SGB1679,U3,Z2
t__SGB1679,ERR14760786,ERR14760844
t__SGB1679,C6,U6
t__SGB1679,C6,C7
t__SGB1679,C4,C6
t__SGB1679,Z10,Z12
t__SGB1679,ERR14760644,ERR14760810
t__SGB1679,C8,Z5
t__SGB1680,Z5,Z9
t__SGB1680,Z5,Z6
t__SGB1680,Z6,Z9
t__SGB1680,U11,U3
t__SGB1680,U11,U9
t__SGB1680,U3,U9
t__SGB1680,U3,U8
t__SGB1680,U8,U9
t__SGB1680,U7,Z11
t__SGB1680,C12,U6
t__SGB1680,ERR14760561,ERR14760637
t__SGB1699,U8,Z2
t__SGB1699,C5,Z3
t__SGB1699,C10,Z6
t__SGB1699,U4,Z4
t__SGB1699,C2,U4
t__SGB1699,C2,Z4
t__SGB1699,ERR14760770,ERR14760847
t__SGB1699,Z10,Z4
t__SGB1699,Z11,Z9
t__SGB1699,C12,Z10
t__SGB1699,C12,Z11
t__SGB1699,C12,Z9
t__SGB1699,C12,C6
t__SGB1699,C12,U11
t__SGB1699,C12,C8
t__SGB1699,C12,Z4
t__SGB1699,C6,Z10
t__SGB1699,C6,Z11
t__SGB1699,C6,Z9
t__SGB1699,C6,U11
t__SGB1699,C6,C8
t__SGB1699,C6,Z4
t__SGB1699,U11,Z11
t__SGB1699,U11,Z9
t__SGB1699,U11,Z4
t__SGB1699,C8,U11
t__SGB1699,ERR14760576,ERR14760606
t__SGB1699,C11,Z1
t__SGB1699,U12,Z4
t__SGB1699,U1,Z4
t__SGB1699,U1,U3
t__SGB1699,U1,U6
t__SGB1699,U3,Z4
t__SGB1699,U3,U6
t__SGB1699,U6,Z4
t__SGB1701,U6,Z9
t__SGB1701,U9,Z5
t__SGB1701,U11,U9
t__SGB1701,U11,Z5
t__SGB1701,C2,U11
t__SGB1701,C2,Z5
t__SGB1701,ERR14760509,ERR14760620
t__SGB1701,ERR14760620,ERR14760695
t__SGB1701,C8,U3
t__SGB1814,C3,U2
t__SGB1814,U1,U10
t__SGB1814,ERR14760844,ERR14760847
t__SGB1814,ERR14760810,ERR14760844
t__SGB1814,ERR14760644,ERR14760844
t__SGB1814,ERR14760644,ERR14760810
t__SGB1814,ERR14760644,ERR14760718
t__SGB1814,ERR14760718,ERR14760844
t__SGB1814,ERR14760718,ERR14760810
t__SGB1814,ERR14760435,ERR14760611
t__SGB1814,ERR14760704,ERR14760762
t__SGB1928,Z12,Z3
t__SGB1928,C1,Z11
t__SGB1928,U3,U9
t__SGB1928,C12,Z8
t__SGB1928,C12,U5
t__SGB1928,U5,Z8
t__SGB1928,C9,Z4
t__SGB1928,ERR14760648,ERR14760809
t__SGB1934,ERR14760724,ERR14760762
t__SGB1934,ERR14760548,ERR14760786
t__SGB1934,ERR14760435,ERR14760447
t__SGB1934,C4,Z7
t__SGB1934,C4,Z2
t__SGB1934,Z2,Z7
t__SGB1934,ERR14760837,ERR14760847
t__SGB19694,C9,Z10
t__SGB19694,C2,C9
t__SGB19694,C2,U5
t__SGB19694,C5,U8
t__SGB19694,C5,U5
t__SGB19694,U5,U8
t__SGB19694,C8,Z12
t__SGB19694,C6,Z11
t__SGB19694,C1,C6
t__SGB19694,C1,Z11
t__SGB2021,C9,Z6
t__SGB2021,C8,U4
t__SGB2021,C8,Z3
t__SGB2021,U4,Z3
t__SGB2021,ERR14760426,ERR14760619
t__SGB2021,C1,U3
t__SGB2021,U12,Z12
t__SGB2021,C7,Z10
t__SGB2021,C2,Z5
t__SGB2230,C11,U12
t__SGB2230,C11,C2
t__SGB2230,C2,U12
t__SGB2230,U4,U8
t__SGB2230,C9,Z3
t__SGB2230,ERR14760576,ERR14760695
t__SGB2230,U6,U7
t__SGB2230,C4,U6
t__SGB2230,U3,U6
t__SGB2230,U3,Z4
t__SGB2230,U11,U3
t__SGB2230,U11,Z4
t__SGB2230,C5,U3
t__SGB2230,C5,Z4
t__SGB2230,C5,U11
t__SGB2071,U12,Z12
t__SGB2071,U12,Z3
t__SGB2071,U12,Z5
t__SGB2071,U12,U9
t__SGB2071,U12,Z8
t__SGB2071,Z12,Z3
t__SGB2071,Z12,Z5
t__SGB2071,Z12,Z8
t__SGB2071,C3,U12
t__SGB2071,C3,Z12
t__SGB2071,C3,Z3
t__SGB2071,C3,Z5
t__SGB2071,C3,U9
t__SGB2071,C3,Z8
t__SGB2071,U1,Z2
t__SGB2071,ERR14760697,ERR14760770
t__SGB2071,U4,U7
t__SGB2071,C5,Z10
t__SGB2071,ERR14760426,ERR14760619
t__SGB2071,Z10,Z4
t__SGB2071,C10,C6
t__SGB2071,ERR14760644,ERR14760810
t__SGB2071,ERR14760548,ERR14760865
t__SGB2071,Z3,Z8
t__SGB2071,Z5,Z8
t__SGB2071,U9,Z12
t__SGB2071,U9,Z3
t__SGB2071,U9,Z5
t__SGB2071,U9,Z8
t__SGB3539,ERR14760581,ERR14760810
t__SGB3539,Z11,Z12
t__SGB3539,C9,U3
t__SGB3539,U11,Z5
t__SGB3539,C11,U11
t__SGB3539,C11,Z5
t__SGB3539,U6,Z6
t__SGB3539,U4,Z2
t__SGB3539,U4,Z1
t__SGB3539,Z2,Z3
t__SGB3539,Z1,Z2
t__SGB3539,Z1,Z3
t__SGB3539,U5,U9
t__SGB3539,U12,U7
t__SGB3539,U12,Z3
t__SGB3539,U7,Z3
t__SGB3539,Z4,Z8
t__SGB3668,U3,Z5
t__SGB3668,U3,U9
t__SGB3668,C6,Z7
t__SGB3668,C6,U11
t__SGB3668,C6,U12
t__SGB3668,C4,C6
t__SGB3668,C4,Z7
t__SGB3668,C4,U11
t__SGB3668,C4,U12
t__SGB3668,U11,Z7
t__SGB3668,U11,U12
t__SGB3668,U12,Z7
t__SGB3668,C8,U4
t__SGB3668,C5,U8
t__SGB3668,U8,Z6
t__SGB3668,Z2,Z4
t__SGB3668,U6,Z4
t__SGB3668,U9,Z5
t__SGB3677,C2,Z3
t__SGB3677,ERR14760606,ERR14760865
t__SGB3677,C8,Z11
t__SGB3677,C8,U8
t__SGB3677,U8,Z11
t__SGB3677,U9,Z6
t__SGB3677,U9,Z12
t__SGB3677,U9,Z2
t__SGB3677,C1,C9
t__SGB3677,C9,U9
t__SGB3677,U6,U9
t__SGB3677,U6,Z12
t__SGB3677,U6,U7
t__SGB3677,U6,Z2
t__SGB3677,Z12,Z6
t__SGB3677,Z12,Z2
t__SGB3677,U7,Z12
t__SGB3677,U7,Z2
t__SGB3677,Z2,Z6
t__SGB3677,ERR14760522,ERR14760576
t__SGB3677,ERR14760670,ERR14760847
t__SGB3677,ERR14760426,ERR14760447
t__SGB3677,ERR14760426,ERR14760436
t__SGB3677,ERR14760426,ERR14760538
t__SGB3677,ERR14760436,ERR14760447
t__SGB3677,ERR14760436,ERR14760538
t__SGB3677,ERR14760538,ERR14760710
t__SGB3677,U1,U12
t__SGB3677,C5,U1
t__SGB3677,C5,Z8
t__SGB3677,C5,U12
t__SGB3677,C5,Z4
t__SGB3677,U12,Z8
t__SGB3677,U12,Z4
t__SGB3677,Z4,Z8
t__SGB3677,C3,C5
t__SGB3677,C3,Z5
t__SGB4198,ERR14760810,ERR14760844
t__SGB4198,ERR14760504,ERR14760771
t__SGB4198,C9,Z1
t__SGB4198,ERR14760436,ERR14760611
t__SGB4198,ERR14760644,ERR14760810
t__SGB4198,ERR14760644,ERR14760844
t__SGB4212,C7,Z12
t__SGB4212,U5,Z4
t__SGB4212,ERR14760603,ERR14760637
t__SGB4212,ERR14760436,ERR14760504
t__SGB4212,C1,C3
t__SGB4247,C6,U6
t__SGB4247,C6,U4
t__SGB4247,C6,Z1
t__SGB4247,C6,U5
t__SGB4247,C6,Z12
t__SGB4247,C6,C8
t__SGB4247,C9,U4
t__SGB4247,U4,Z1
t__SGB4247,C10,U2
t__SGB4247,C10,Z4
t__SGB4247,C10,Z1
t__SGB4247,U2,Z4
t__SGB4247,U2,Z1
t__SGB4247,Z1,Z4
t__SGB4247,C5,C6
t__SGB4247,C5,U5
t__SGB4285,ERR14760504,ERR14760618
t__SGB4285,ERR14760628,ERR14760770
t__SGB4285,ERR14760522,ERR14760628
t__SGB4285,ERR14760522,ERR14760618
t__SGB4285,ERR14760618,ERR14760628
t__SGB4285,ERR14760618,ERR14760653
t__SGB4285,C8,U4
t__SGB4285,U11,U6
t__SGB4285,U11,Z10
t__SGB4285,U11,U4
t__SGB4285,C5,Z10
t__SGB4285,C5,U4
t__SGB4285,U4,U8
t__SGB4285,U4,U6
t__SGB4285,U4,Z10
t__SGB4285,U4,Z4
t__SGB4285,U4,Z5
t__SGB4285,U3,U4
t__SGB4285,U3,Z4
t__SGB4285,C11,U4
t__SGB4285,C11,Z5
t__SGB4285,ERR14760611,ERR14760867
t__SGB4272,U10,Z12
t__SGB4272,C2,Z12
t__SGB4272,ERR14760648,ERR14760724
t__SGB4272,ERR14760648,ERR14760770
t__SGB4272,C1,U10
t__SGB4272,C1,Z1
t__SGB4272,C1,U2
t__SGB4272,C12,U11
t__SGB4272,C11,U11
t__SGB4272,C5,Z3
t__SGB4290,ERR14760504,ERR14760847
t__SGB4290,C1,Z4
t__SGB4290,ERR14760447,ERR14760786
t__SGB4290,ERR14760436,ERR14760447
t__SGB4290,ERR14760436,ERR14760786
t__SGB4290,Z12,Z4
t__SGB4290,Z4,Z6
t__SGB4290,U4,Z4
t__SGB4290,U7,Z1
t__SGB4290,U5,Z7
t__SGB4333,U5,Z5
t__SGB4333,C11,Z11
t__SGB4333,C4,C7
t__SGB4333,ERR14760561,ERR14760724
t__SGB4333,ERR14760561,ERR14760606
t__SGB4333,ERR14760561,ERR14760695
t__SGB4333,ERR14760561,ERR14760786
t__SGB4333,ERR14760561,ERR14760762
t__SGB4333,ERR14760724,ERR14760786
t__SGB4333,ERR14760606,ERR14760724
t__SGB4333,ERR14760606,ERR14760695
t__SGB4333,ERR14760606,ERR14760786
t__SGB4333,ERR14760695,ERR14760724
t__SGB4333,ERR14760695,ERR14760786
t__SGB4333,U12,Z4
t__SGB4333,U2,Z4
t__SGB4333,C12,U10
t__SGB4333,Z1,Z10
t__SGB4333,C5,U5
t__SGB4333,C5,Z5
t__SGB4327,C5,Z3
t__SGB4327,C3,C4
t__SGB4327,C3,C9
t__SGB4327,C4,C9
t__SGB4327,ERR14760441,ERR14760504
t__SGB4327,U1,Z2
t__SGB4350,ERR14760576,ERR14760847
t__SGB4350,U11,Z10
t__SGB4350,U11,U3
t__SGB4350,U3,Z10
t__SGB4350,C3,U7
t__SGB4350,C7,Z7
t__SGB4350,C10,C11
t__SGB4350,Z11,Z3
t__SGB4367,ERR14760611,ERR14760786
t__SGB4367,ERR14760428,ERR14760603
t__SGB4367,ERR14760504,ERR14760522
t__SGB4367,ERR14760644,ERR14760810
t__SGB4367,C10,Z12
t__SGB4367,C6,Z1
t__SGB4367,C6,U4
t__SGB4367,U4,Z1
t__SGB4367,C11,U12
t__SGB4373,ERR14760644,ERR14760810
t__SGB4373,U5,Z7
t__SGB4418,ERR14760509,ERR14760576
t__SGB4418,U3,Z6
t__SGB4418,C3,U8
t__SGB4418,ERR14760810,ERR14760867
t__SGB4418,ERR14760653,ERR14760837
t__SGB4418,ERR14760611,ERR14760653
t__SGB4418,ERR14760611,ERR14760837
t__SGB4557,ERR14760619,ERR14760644
t__SGB4557,ERR14760619,ERR14760809
t__SGB4557,ERR14760644,ERR14760867
t__SGB4557,ERR14760644,ERR14760809
t__SGB4557,C8,Z5
t__SGB4557,C8,Z1
t__SGB4557,C8,U10
t__SGB4557,Z1,Z5
t__SGB4557,U10,Z5
t__SGB4557,U10,Z1
t__SGB4557,ERR14760704,ERR14760867
t__SGB4557,ERR14760704,ERR14760809
t__SGB4557,ERR14760611,ERR14760867
t__SGB4557,ERR14760611,ERR14760704
t__SGB4557,ERR14760809,ERR14760867
t__SGB4563,C8,U3
t__SGB4563,C8,U7
t__SGB4563,C8,U12
t__SGB4563,C8,Z11
t__SGB4563,C8,Z9
t__SGB4563,ERR14760581,ERR14760637
t__SGB4563,ERR14760637,ERR14760809
t__SGB4563,C5,C8
t__SGB4563,C5,U12
t__SGB4563,C5,Z11
t__SGB4563,C5,Z10
t__SGB4563,C5,Z9
t__SGB4563,C5,Z12
t__SGB4563,C5,Z3
t__SGB4563,C5,C7
t__SGB4563,U12,U3
t__SGB4563,U12,Z11
t__SGB4563,U12,Z10
t__SGB4563,U12,Z9
t__SGB4563,U12,Z12
t__SGB4563,U12,U8
t__SGB4563,U12,Z1
t__SGB4563,U12,Z3
t__SGB4563,Z11,Z9
t__SGB4563,Z11,Z12
t__SGB4563,Z11,Z3
t__SGB4563,Z10,Z11
t__SGB4563,Z10,Z9
t__SGB4563,Z10,Z12
t__SGB4563,Z12,Z9
t__SGB4563,Z12,Z4
t__SGB4563,Z12,Z3
t__SGB4563,U8,Z11
t__SGB4563,U8,Z9
t__SGB4563,U8,Z4
t__SGB4563,U8,Z12
t__SGB4563,U11,U12
t__SGB4563,U11,Z11
t__SGB4563,U11,Z9
t__SGB4563,U11,Z4
t__SGB4563,U11,Z12
t__SGB4563,U11,U8
t__SGB4563,U11,Z3
t__SGB4563,C10,U5
t__SGB4563,Z1,Z11
t__SGB4563,Z1,Z9
t__SGB4563,Z1,Z12
t__SGB4563,Z1,Z3
t__SGB4563,Z3,Z9
t__SGB4563,C9,U12
t__SGB4563,C9,Z11
t__SGB4563,C9,Z9
t__SGB4563,C9,Z12
t__SGB4563,C9,Z1
t__SGB4563,C9,Z3
t__SGB4563,C4,C5
t__SGB4563,C4,U12
t__SGB4563,C4,Z11
t__SGB4563,C4,Z10
t__SGB4563,C4,Z9
t__SGB4563,C4,Z12
t__SGB4563,C4,U8
t__SGB4563,C4,U11
t__SGB4563,C4,Z1
t__SGB4563,C4,Z3
t__SGB4563,C4,C9
t__SGB4563,C4,C7
t__SGB4563,C7,U12
t__SGB4563,C7,Z11
t__SGB4563,C7,Z9
t__SGB4563,C7,Z12
t__SGB4563,C7,Z3
t__SGB4575,C3,C9
t__SGB4575,C3,C8
t__SGB4575,C8,Z11
t__SGB4575,U7,Z10
t__SGB4575,U7,Z5
t__SGB4575,U7,Z7
t__SGB4575,U7,Z2
t__SGB4575,C1,U7
t__SGB4575,C1,Z10
t__SGB4575,C1,Z5
t__SGB4575,C1,C7
t__SGB4575,C1,U6
t__SGB4575,C1,Z7
t__SGB4575,C1,U12
t__SGB4575,C1,Z2
t__SGB4575,C1,U4
t__SGB4575,Z10,Z5
t__SGB4575,Z10,Z7
t__SGB4575,Z10,Z12
t__SGB4575,Z10,Z3
t__SGB4575,Z10,Z2
t__SGB4575,Z5,Z7
t__SGB4575,C7,U7
t__SGB4575,C7,Z10
t__SGB4575,C7,Z5
t__SGB4575,C7,U9
t__SGB4575,C7,U1
t__SGB4575,C7,Z4
t__SGB4575,C7,U6
t__SGB4575,C7,Z7
t__SGB4575,C7,Z12
t__SGB4575,C7,U3
t__SGB4575,C7,Z3
t__SGB4575,C7,U12
t__SGB4575,C7,Z2
t__SGB4575,C7,Z1
t__SGB4575,C7,U11
t__SGB4575,C7,U4
t__SGB4575,U9,Z10
t__SGB4575,U9,Z4
t__SGB4575,U9,Z7
t__SGB4575,U9,Z12
t__SGB4575,U9,Z3
t__SGB4575,U9,Z2
t__SGB4575,U9,Z1
t__SGB4575,U1,Z10
t__SGB4575,U1,U9
t__SGB4575,U1,Z4
t__SGB4575,U1,U6
t__SGB4575,U1,Z7
t__SGB4575,U1,Z12
t__SGB4575,U1,U3
t__SGB4575,U1,Z3
t__SGB4575,U1,U12
t__SGB4575,U1,Z2
t__SGB4575,U1,Z1
t__SGB4575,U1,U11
t__SGB4575,U1,U4
t__SGB4575,Z4,Z7
t__SGB4575,U6,U7
t__SGB4575,U6,Z10
t__SGB4575,U6,Z5
t__SGB4575,U6,U9
t__SGB4575,U6,Z4
t__SGB4575,U6,Z7
t__SGB4575,U6,Z12
t__SGB4575,U6,Z3
t__SGB4575,U6,Z2
t__SGB4575,U6,Z1
t__SGB4575,U6,Z8
t__SGB4575,C5,Z10
t__SGB4575,C5,C7
t__SGB4575,C5,U9
t__SGB4575,C5,U1
t__SGB4575,C5,Z4
t__SGB4575,C5,U6
t__SGB4575,C5,Z7
t__SGB4575,C5,Z12
t__SGB4575,C5,U3
t__SGB4575,C5,Z3
t__SGB4575,C5,U12
t__SGB4575,C5,Z2
t__SGB4575,C5,Z1
t__SGB4575,C5,U11
t__SGB4575,C5,U4
t__SGB4575,Z7,Z8
t__SGB4575,Z12,Z4
t__SGB4575,Z12,Z7
t__SGB4575,Z12,Z3
t__SGB4575,Z12,Z2
t__SGB4575,U3,Z10
t__SGB4575,U3,U9
t__SGB4575,U3,Z4
t__SGB4575,U3,U6
t__SGB4575,U3,Z7
t__SGB4575,U3,Z12
t__SGB4575,U3,Z3
t__SGB4575,U3,Z2
t__SGB4575,U3,Z1
t__SGB4575,U3,U4
t__SGB4575,Z3,Z4
t__SGB4575,Z3,Z7
t__SGB4575,U12,U7
t__SGB4575,U12,Z10
t__SGB4575,U12,Z5
t__SGB4575,U12,U9
t__SGB4575,U12,Z4
t__SGB4575,U12,U6
t__SGB4575,U12,Z7
t__SGB4575,U12,Z12
t__SGB4575,U12,U3
t__SGB4575,U12,Z3
t__SGB4575,U12,Z2
t__SGB4575,U12,Z1
t__SGB4575,U12,Z8
t__SGB4575,U12,U4
t__SGB4575,C11,Z10
t__SGB4575,C11,Z5
t__SGB4575,C11,C7
t__SGB4575,C11,U9
t__SGB4575,C11,U1
t__SGB4575,C11,Z4
t__SGB4575,C11,U6
t__SGB4575,C11,C5
t__SGB4575,C11,Z7
t__SGB4575,C11,Z12
t__SGB4575,C11,U3
t__SGB4575,C11,Z3
t__SGB4575,C11,U12
t__SGB4575,C11,C12
t__SGB4575,C11,Z2
t__SGB4575,C11,Z1
t__SGB4575,C11,U11
t__SGB4575,C11,Z8
t__SGB4575,C11,U4
t__SGB4575,C12,Z10
t__SGB4575,C12,C7
t__SGB4575,C12,U6
t__SGB4575,C12,Z7
t__SGB4575,C12,U12
t__SGB4575,C12,Z2
t__SGB4575,C12,Z1
t__SGB4575,C12,U11
t__SGB4575,C12,U4
t__SGB4575,Z2,Z5
t__SGB4575,Z2,Z4
t__SGB4575,Z2,Z7
t__SGB4575,Z2,Z3
t__SGB4575,Z2,Z8
t__SGB4575,Z1,Z10
t__SGB4575,Z1,Z5
t__SGB4575,Z1,Z4
t__SGB4575,Z1,Z7
t__SGB4575,Z1,Z12
t__SGB4575,Z1,Z3
t__SGB4575,Z1,Z2
t__SGB4575,Z1,Z8
t__SGB4575,U11,Z10
t__SGB4575,U11,Z5
t__SGB4575,U11,U9
t__SGB4575,U11,Z4
t__SGB4575,U11,U6
t__SGB4575,U11,Z7
t__SGB4575,U11,Z12
t__SGB4575,U11,U3
t__SGB4575,U11,Z3
t__SGB4575,U11,U12
t__SGB4575,U11,Z2
t__SGB4575,U11,Z1
t__SGB4575,U11,Z8
t__SGB4575,U11,U4
t__SGB4575,U4,U7
t__SGB4575,U4,Z10
t__SGB4575,U4,Z5
t__SGB4575,U4,U9
t__SGB4575,U4,U6
t__SGB4575,U4,Z7
t__SGB4575,U4,Z12
t__SGB4575,U4,Z3
t__SGB4575,U4,Z2
t__SGB4575,U4,Z1
t__SGB4577,U6,Z9
t__SGB4577,U6,Z4
t__SGB4577,U6,Z2
t__SGB4577,C12,U6
t__SGB4577,C12,Z9
t__SGB4577,C12,U5
t__SGB4577,C12,C7
t__SGB4577,C12,Z4
t__SGB4577,C12,Z7
t__SGB4577,C12,Z2
t__SGB4577,C12,U12
t__SGB4577,U5,U6
t__SGB4577,U5,Z9
t__SGB4577,U5,Z4
t__SGB4577,U5,Z7
t__SGB4577,U5,Z2
t__SGB4577,C11,U6
t__SGB4577,C11,C12
t__SGB4577,C11,Z9
t__SGB4577,C11,U5
t__SGB4577,C11,C7
t__SGB4577,C11,Z4
t__SGB4577,C11,Z2
t__SGB4577,C7,U6
t__SGB4577,C7,Z9
t__SGB4577,C7,U5
t__SGB4577,C7,U4
t__SGB4577,C7,Z4
t__SGB4577,C7,Z7
t__SGB4577,C7,Z2
t__SGB4577,U4,U5
t__SGB4577,U4,Z4
t__SGB4577,U4,Z7
t__SGB4577,U4,Z2
t__SGB4577,Z4,Z9
t__SGB4577,Z4,Z7
t__SGB4577,Z2,Z9
t__SGB4577,Z2,Z4
t__SGB4577,Z2,Z7
t__SGB4577,Z2,Z5
t__SGB4577,Z1,Z2
t__SGB4577,Z1,Z5
t__SGB4577,U11,Z2
t__SGB4577,U11,Z1
t__SGB4577,U11,Z5
t__SGB4577,U1,U2
t__SGB4577,C2,C4
t__SGB4577,ERR14760637,ERR14760786
t__SGB4577,ERR14760581,ERR14760637
t__SGB4577,ERR14760581,ERR14760786
t__SGB4577,U12,U6
t__SGB4577,U12,U5
t__SGB4577,U12,Z2
t__SGB4581,Z12,Z3
t__SGB4581,U12,Z3
t__SGB4581,C9,U12
t__SGB4581,ERR14760581,ERR14760786
t__SGB4581,U11,U8
t__SGB4581,C5,U11
t__SGB4581,C5,U8
t__SGB4582,U6,Z2
t__SGB4582,C1,U6
t__SGB4582,C1,Z2
t__SGB4582,C1,U3
t__SGB4582,U3,U6
t__SGB4582,Z4,Z7
t__SGB4582,ERR14760770,ERR14760844
t__SGB4582,ERR14760460,ERR14760628
t__SGB4582,ERR14760442,ERR14760628
t__SGB4582,ERR14760442,ERR14760460
t__SGB4582,C9,Z9
t__SGB4582,C4,Z9
t__SGB4582,C4,C7
t__SGB4582,C2,C7
t__SGB4582,C7,Z11
t__SGB4582,C7,U2
t__SGB4582,C7,Z9
t__SGB4582,C7,C9
t__SGB4582,C7,U11
t__SGB4582,U11,U9
t__SGB4582,U11,U7
t__SGB4582,U12,U9
t__SGB4582,C11,U11
t__SGB4637,C5,Z12
t__SGB4637,U3,Z11
t__SGB4637,C6,Z6
t__SGB4637,U5,Z4
t__SGB4637,U5,Z1
t__SGB4637,U5,Z7
t__SGB4637,U5,U9
t__SGB4637,Z4,Z7
t__SGB4637,U12,U5
t__SGB4637,U12,Z4
t__SGB4637,U12,Z1
t__SGB4637,U12,Z7
t__SGB4637,U12,U9
t__SGB4637,Z1,Z4
t__SGB4637,Z1,Z7
t__SGB4637,U9,Z4
t__SGB4637,U9,Z1
t__SGB4637,U9,Z7
t__SGB4637,C3,Z3
t__SGB4637,C3,U7
t__SGB4637,U7,Z3
t__SGB4637,ERR14760504,ERR14760867
t__SGB4637,C9,U8
t__SGB4637,ERR14760611,ERR14760628
t__SGB4644,C6,U10
t__SGB4644,C6,Z12
t__SGB4644,ERR14760509,ERR14760844
t__SGB4644,ERR14760436,ERR14760509
t__SGB4644,ERR14760436,ERR14760844
t__SGB4644,U12,Z12
t__SGB4644,U3,Z2
t__SGB4644,U2,Z12
t__SGB4644,C10,C7
t__SGB4644,U5,Z12
t__SGB4644,C12,Z12
t__SGB4644,C12,U1
t__SGB4648,ERR14760603,ERR14760786
t__SGB4648,C5,U12
t__SGB4648,C5,Z12
t__SGB4648,C5,C9
t__SGB4648,U12,Z12
t__SGB4648,C3,C5
t__SGB4648,C3,U12
t__SGB4648,C3,Z12
t__SGB4648,C9,U12
t__SGB4648,C9,Z12
t__SGB4648,C9,Z1
t__SGB4648,ERR14760561,ERR14760682
t__SGB4648,C6,Z1
t__SGB4648,U10,U4
t__SGB4648,C4,U4
t__SGB4648,C4,U10
t__SGB4705,C4,U8
t__SGB4705,C3,U11
t__SGB4705,U2,Z12
t__SGB4705,ERR14760704,ERR14760844
t__SGB4705,ERR14760435,ERR14760704
t__SGB4705,ERR14760561,ERR14760704
t__SGB4705,ERR14760603,ERR14760631
t__SGB4705,ERR14760504,ERR14760576
t__SGB4716,ERR14760548,ERR14760618
t__SGB4716,ERR14760447,ERR14760548
t__SGB4716,C4,U11
t__SGB4716,C4,C7
t__SGB4716,U2,U8
t__SGB4716,C10,U8
t__SGB4716,C7,U11
t__SGB4816,ERR14760618,ERR14760840
t__SGB4816,C10,U1
t__SGB4816,C10,U11
t__SGB4816,U8,Z2
t__SGB4816,U8,Z7
t__SGB4816,U8,U9
t__SGB4816,U8,Z1
t__SGB4816,U12,U5
t__SGB4816,U12,Z3
t__SGB4816,U7,Z10
t__SGB4816,U6,U8
t__SGB4816,U6,Z7
t__SGB4816,U6,U7
t__SGB4816,U6,Z10
t__SGB4816,U6,U9
t__SGB4816,U6,Z1
t__SGB4816,U3,U8
t__SGB4816,U3,Z7
t__SGB4816,U3,U7
t__SGB4816,U3,Z10
t__SGB4816,U3,U6
t__SGB4816,U3,U9
t__SGB4816,U3,Z1
t__SGB4816,U9,Z9
t__SGB4816,U9,Z7
t__SGB4816,U9,Z1
t__SGB4816,C8,Z1
t__SGB4816,Z1,Z9
t__SGB4816,Z1,Z7
t__SGB4816,Z1,Z10
t__SGB4820,U12,Z8
t__SGB4820,U12,U4
t__SGB4820,U12,U3
t__SGB4820,U12,U6
t__SGB4820,U12,U9
t__SGB4820,U12,Z10
t__SGB4820,U12,Z2
t__SGB4820,C12,U2
t__SGB4820,C12,C7
t__SGB4820,C7,U11
t__SGB4820,C7,U7
t__SGB4820,C10,C2
t__SGB4820,C3,C9
t__SGB4820,C2,C3
t__SGB4820,C2,C9
t__SGB4820,ERR14760611,ERR14760762
t__SGB4820,C5,U12
t__SGB4820,C5,Z8
t__SGB4820,U4,Z8
t__SGB4820,U4,U6
t__SGB4820,U4,U9
t__SGB4820,U4,Z10
t__SGB4820,U4,Z2
t__SGB4820,U3,U4
t__SGB4820,U3,U6
t__SGB4820,U3,U9
t__SGB4820,U3,Z10
t__SGB4820,U6,U9
t__SGB4820,U6,Z10
t__SGB4820,U9,Z12
t__SGB4820,U9,Z10
t__SGB4820,U9,Z2
t__SGB4820,C8,U12
t__SGB4820,C8,U4
t__SGB4820,C8,U3
t__SGB4820,C8,U6
t__SGB4820,C8,Z12
t__SGB4820,C8,U9
t__SGB4820,C8,Z10
t__SGB4820,C8,U5
t__SGB4820,C8,Z2
t__SGB4820,Z10,Z8
t__SGB4820,Z10,Z12
t__SGB4820,Z10,Z2
t__SGB4820,C11,U12
t__SGB4820,C11,U4
t__SGB4820,C11,U3
t__SGB4820,C11,U6
t__SGB4820,C11,Z12
t__SGB4820,C11,U9
t__SGB4820,C11,C8
t__SGB4820,C11,Z10
t__SGB4820,C11,U5
t__SGB4820,C11,Z2
t__SGB4820,U5,U9
t__SGB4820,U5,Z10
t__SGB4820,Z2,Z8
t__SGB4837,Z4,Z6
t__SGB4837,Z4,Z7
t__SGB4837,Z6,Z7
t__SGB4837,U6,Z4
t__SGB4837,U6,Z6
t__SGB4837,U6,Z7
t__SGB4837,U6,Z2
t__SGB4837,U6,Z3
t__SGB4837,U6,Z11
t__SGB4837,U6,Z10
t__SGB4837,U4,Z4
t__SGB4837,U4,Z6
t__SGB4837,U4,Z7
t__SGB4837,U4,U6
t__SGB4837,U4,Z2
t__SGB4837,U4,Z3
t__SGB4837,U4,Z11
t__SGB4837,U4,Z10
t__SGB4837,Z2,Z4
t__SGB4837,Z2,Z6
t__SGB4837,Z2,Z7
t__SGB4837,Z2,Z3
t__SGB4837,C4,Z9
t__SGB4837,C4,U12
t__SGB4837,C4,U3
t__SGB4837,C4,Z3
t__SGB4837,C1,C4
t__SGB4837,C1,Z9
t__SGB4837,C1,U12
t__SGB4837,C1,U3
t__SGB4837,C1,Z3
t__SGB4837,U12,Z9
t__SGB4837,U12,U9
t__SGB4837,U9,Z12
t__SGB4837,C9,Z12
t__SGB4837,C9,Z1
t__SGB4837,C9,U7
t__SGB4837,C9,U11
t__SGB4837,C9,U8
t__SGB4837,U1,U2
t__SGB4837,U2,Z1
t__SGB4837,ERR14760814,ERR14760862
t__SGB4837,ERR14760724,ERR14760862
t__SGB4837,ERR14760724,ERR14760814
t__SGB4837,U7,Z12
t__SGB4837,U7,Z1
t__SGB4837,U7,U8
t__SGB4837,C3,Z12
t__SGB4837,C3,C9
t__SGB4837,C3,U7
t__SGB4837,C3,U10
t__SGB4837,C3,C5
t__SGB4837,C3,U11
t__SGB4837,C3,U5
t__SGB4837,C3,U8
t__SGB4837,C2,Z12
t__SGB4837,C2,C9
t__SGB4837,C2,U7
t__SGB4837,C2,C3
t__SGB4837,C2,U10
t__SGB4837,C2,C5
t__SGB4837,C2,U11
t__SGB4837,C2,U8
t__SGB4837,C5,U9
t__SGB4837,C5,Z12
t__SGB4837,C5,C9
t__SGB4837,C5,Z1
t__SGB4837,C5,U7
t__SGB4837,C5,U11
t__SGB4837,C5,U5
t__SGB4837,C5,U8
t__SGB4837,U11,U9
t__SGB4837,U11,Z12
t__SGB4837,U11,Z1
t__SGB4837,U11,U7
t__SGB4837,U11,U5
t__SGB4837,U11,U8
t__SGB4837,U5,Z12
t__SGB4837,U5,U7
t__SGB4837,U5,U8
t__SGB4837,U8,U9
t__SGB4837,U8,Z12
t__SGB4837,U3,Z4
t__SGB4837,U3,Z6
t__SGB4837,U3,Z7
t__SGB4837,U3,U6
t__SGB4837,U3,U4
t__SGB4837,U3,Z2
t__SGB4837,U3,Z3
t__SGB4837,U3,Z11
t__SGB4837,U3,Z10
t__SGB4837,Z3,Z4
t__SGB4837,Z3,Z6
t__SGB4837,Z3,Z7
t__SGB4837,Z11,Z4
t__SGB4837,Z11,Z7
t__SGB4837,Z11,Z2
t__SGB4837,Z11,Z3
t__SGB4837,C8,Z4
t__SGB4837,C8,Z6
t__SGB4837,C8,Z7
t__SGB4837,C8,U6
t__SGB4837,C8,U4
t__SGB4837,C8,Z2
t__SGB4837,C8,U3
t__SGB4837,C8,Z3
t__SGB4837,C8,Z11
t__SGB4837,C8,Z10
t__SGB4837,Z10,Z4
t__SGB4837,Z10,Z6
t__SGB4837,Z10,Z7
t__SGB4837,Z10,Z2
t__SGB4837,Z10,Z3
t__SGB4871,C8,U5
t__SGB4871,U5,U6
t__SGB4871,U11,U5
t__SGB4871,U11,U4
t__SGB4871,U11,U6
t__SGB4871,U4,U5
t__SGB4871,U4,U6
t__SGB4871,ERR14760561,ERR14760867
t__SGB4871,ERR14760561,ERR14760618
t__SGB4871,ERR14760618,ERR14760867
t__SGB4874,ERR14760526,ERR14760611
t__SGB4874,ERR14760526,ERR14760867
t__SGB4874,ERR14760526,ERR14760548
t__SGB4874,ERR14760611,ERR14760867
t__SGB4874,ERR14760548,ERR14760611
t__SGB4874,ERR14760548,ERR14760867
t__SGB4874,C5,C8
t__SGB4874,C5,C9
t__SGB4874,C5,U11
t__SGB4874,C5,Z1
t__SGB4874,C5,Z12
t__SGB4874,C8,U11
t__SGB4874,C1,C5
t__SGB4874,C1,C8
t__SGB4874,C1,C3
t__SGB4874,C1,C9
t__SGB4874,C1,U11
t__SGB4874,C3,Z3
t__SGB4874,C3,Z7
t__SGB4874,C3,Z8
t__SGB4874,C3,U6
t__SGB4874,C3,U3
t__SGB4874,C3,Z5
t__SGB4874,C3,Z2
t__SGB4874,C3,Z9
t__SGB4874,C3,C9
t__SGB4874,Z3,Z7
t__SGB4874,Z3,Z8
t__SGB4874,Z3,Z5
t__SGB4874,Z3,Z9
t__SGB4874,U7,Z7
t__SGB4874,U1,Z3
t__SGB4874,U1,U7
t__SGB4874,U1,Z7
t__SGB4874,Z7,Z8
t__SGB4874,Z7,Z9
t__SGB4874,U6,Z3
t__SGB4874,U6,Z7
t__SGB4874,U6,Z8
t__SGB4874,U6,U8
t__SGB4874,U6,Z5
t__SGB4874,U6,Z9
t__SGB4874,U3,Z3
t__SGB4874,U3,Z7
t__SGB4874,U3,Z8
t__SGB4874,U3,U6
t__SGB4874,U3,U8
t__SGB4874,U3,Z5
t__SGB4874,U3,Z9
t__SGB4874,U8,Z3
t__SGB4874,Z5,Z7
t__SGB4874,Z5,Z9
t__SGB4874,C10,Z2
t__SGB4874,Z2,Z5
t__SGB4874,Z2,Z9
t__SGB4874,U9,Z5
t__SGB4874,C11,C3
t__SGB4874,C11,Z3
t__SGB4874,C11,Z5
t__SGB4874,C11,U9
t__SGB4874,C11,Z9
t__SGB4874,C2,C3
t__SGB4874,C9,Z9
t__SGB4874,U11,Z1
t__SGB4874,U11,Z12
t__SGB4874,U10,U11
t__SGB4874,ERR14760603,ERR14760867
t__SGB4874,ERR14760603,ERR14760637
t__SGB4886,ERR14760504,ERR14760809
t__SGB4886,ERR14760620,ERR14760847
t__SGB4886,C7,Z1
t__SGB4886,ERR14760561,ERR14760611
t__SGB4886,ERR14760561,ERR14760810
t__SGB4886,Z12,Z2
t__SGB4886,U7,U8
t__SGB4894,ERR14760442,ERR14760810
t__SGB4894,ERR14760504,ERR14760837
t__SGB4894,ERR14760603,ERR14760837
t__SGB4894,U5,Z5
t__SGB4894,U10,U5
t__SGB4894,C11,U5
t__SGB4894,C11,C6
t__SGB4894,C11,Z8
t__SGB4894,ERR14760441,ERR14760576
t__SGB4894,C8,Z6
t__SGB4894,Z12,Z6
t__SGB4894,C3,Z12
t__SGB4894,C3,U4
t__SGB4894,U4,Z12
t__SGB4894,U6,Z12
t__SGB4894,U8,U9
t__SGB4894,U8,Z3
t__SGB4894,C1,U8
t__SGB4894,C1,Z3
t__SGB4894,C1,U12
t__SGB4894,U3,U8
t__SGB4894,C7,U7
t__SGB4894,C9,U7
t__SGB4894,C10,U5
t__SGB4894,C10,Z2
t__SGB4894,C10,U1
t__SGB4894,ERR14760436,ERR14760697
t__SGB4894,ERR14760648,ERR14760697
t__SGB4900,ERR14760637,ERR14760844
t__SGB4900,ERR14760509,ERR14760844
t__SGB4900,C9,U3
t__SGB4900,C3,C9
t__SGB4900,C10,C9
t__SGB4900,C10,C3
t__SGB4900,U3,U7
t__SGB4900,C1,C7
t__SGB4900,ERR14760611,ERR14760867
t__SGB4900,C11,U5
t__SGB4900,C11,U12
t__SGB4900,C11,C6
t__SGB4900,C6,U6
t__SGB4900,C6,Z3
t__SGB4900,C6,C7
t__SGB4900,C7,U3
t__SGB4900,C7,Z1
t__SGB4900,C7,U9
t__SGB4900,C5,C7
t__SGB4900,ERR14760447,ERR14760653
t__SGB4900,ERR14760653,ERR14760864
t__SGB4900,ERR14760561,ERR14760603
t__SGB4909,U2,Z7
t__SGB4909,C7,U2
t__SGB4909,C7,Z7
t__SGB4909,ERR14760704,ERR14760837
t__SGB4909,ERR14760628,ERR14760837
t__SGB4909,ERR14760628,ERR14760718
t__SGB4909,ERR14760718,ERR14760837
t__SGB4909,U10,U12
t__SGB4909,ERR14760561,ERR14760618
t__SGB4909,ERR14760561,ERR14760847
t__SGB4909,ERR14760637,ERR14760670
t__SGB4909,ERR14760637,ERR14760847
t__SGB4909,ERR14760670,ERR14760847
t__SGB4909,ERR14760762,ERR14760847
t__SGB4909,C10,U12
t__SGB4909,C10,C3
t__SGB4909,C3,U12
t__SGB4909,C1,Z10
t__SGB4909,C1,C12
t__SGB4910,ERR14760618,ERR14760810
t__SGB4910,ERR14760618,ERR14760865
t__SGB4910,ERR14760441,ERR14760618
t__SGB4910,ERR14760441,ERR14760538
t__SGB4910,ERR14760441,ERR14760447
t__SGB4910,ERR14760810,ERR14760865
t__SGB4910,ERR14760538,ERR14760618
t__SGB4910,ERR14760538,ERR14760810
t__SGB4910,ERR14760538,ERR14760581
t__SGB4910,ERR14760538,ERR14760844
t__SGB4910,ERR14760538,ERR14760865
t__SGB4910,ERR14760447,ERR14760618
t__SGB4910,ERR14760447,ERR14760810
t__SGB4910,ERR14760447,ERR14760538
t__SGB4910,ERR14760447,ERR14760581
t__SGB4910,ERR14760447,ERR14760844
t__SGB4910,ERR14760447,ERR14760509
t__SGB4910,ERR14760447,ERR14760865
t__SGB4910,ERR14760561,ERR14760611
t__SGB4910,ERR14760504,ERR14760670
t__SGB4910,ERR14760704,ERR14760762
t__SGB4910,C5,U9
t__SGB4910,C5,C6
t__SGB4910,C8,Z6
t__SGB4910,C8,U4
t__SGB4910,U4,Z6
t__SGB4910,C6,Z6
t__SGB4910,C6,C8
t__SGB4910,C6,U4
t__SGB4910,C6,Z10
t__SGB4910,C6,C9
t__SGB4910,C2,C6
t__SGB4910,ERR14760436,ERR14760538
t__SGB4910,ERR14760436,ERR14760581
t__SGB4910,ERR14760581,ERR14760865
t__SGB4910,ERR14760844,ERR14760865
t__SGB4910,ERR14760509,ERR14760538
t__SGB4910,ERR14760509,ERR14760844
t__SGB4910,ERR14760509,ERR14760865
t__SGB4914,C5,Z10
t__SGB4914,Z10,Z5
t__SGB4914,U6,Z5
t__SGB4914,U6,Z10
t__SGB4914,ERR14760435,ERR14760447
t__SGB4914,ERR14760435,ERR14760628
t__SGB4914,ERR14760447,ERR14760628
t__SGB4914,ERR14760504,ERR14760704
t__SGB4914,ERR14760436,ERR14760561
t__SGB4914,ERR14760436,ERR14760810
t__SGB4914,ERR14760426,ERR14760441
t__SGB4914,C2,C3
t__SGB4914,C2,C4
t__SGB4914,U10,U12
t__SGB4914,C10,U10
t__SGB4914,ERR14760441,ERR14760844
t__SGB4925,ERR14760786,ERR14760867
t__SGB4925,ERR14760786,ERR14760865
t__SGB4925,ERR14760603,ERR14760786
t__SGB4925,ERR14760426,ERR14760786
t__SGB4925,ERR14760704,ERR14760762
t__SGB4925,U12,U8
t__SGB4925,C12,Z8
t__SGB4925,C2,U12
t__SGB4925,C2,U8
t__SGB4925,C2,C4
t__SGB4925,ERR14760724,ERR14760786
t__SGB4925,C1,U12
t__SGB4925,C1,C2
t__SGB4925,C1,Z6
t__SGB4925,ERR14760606,ERR14760786
t__SGB4925,ERR14760606,ERR14760865
t__SGB4933,Z5,Z6
t__SGB4933,U4,Z1
t__SGB4933,U4,U6
t__SGB4933,U6,Z1
t__SGB4933,C1,U4
t__SGB4933,Z2,Z3
t__SGB4933,Z2,Z4
t__SGB4933,Z3,Z4
t__SGB4933,U11,Z2
t__SGB4933,U11,Z3
t__SGB4933,U11,Z4
t__SGB4933,C2,U11
t__SGB4933,C2,C4
t__SGB4933,C2,U2
t__SGB4933,C2,Z7
t__SGB4933,ERR14760435,ERR14760611
t__SGB4933,ERR14760435,ERR14760447
t__SGB4933,ERR14760603,ERR14760611
t__SGB4933,ERR14760447,ERR14760603
t__SGB4933,ERR14760447,ERR14760611
t__SGB4933,C7,Z8
t__SGB4933,ERR14760710,ERR14760718
t__SGB4933,ERR14760710,ERR14760810
t__SGB4933,ERR14760718,ERR14760810
t__SGB4933,U10,U2
t__SGB4933,C3,U2
t__SGB4933,ERR14760618,ERR14760695
t__SGB4933,C8,U2
t__SGB4933,ERR14760561,ERR14760718
t__SGB4933,ERR14760561,ERR14760631
t__SGB4933,ERR14760538,ERR14760561
t__SGB4933,C10,Z9
t__SGB4933,ERR14760426,ERR14760718
t__SGB4933,ERR14760426,ERR14760561
t__SGB4933,ERR14760426,ERR14760538
t__SGB4933,ERR14760426,ERR14760786
t__SGB4933,ERR14760426,ERR14760637
t__SGB4933,U1,Z7
t__SGB4933,C9,Z7
t__SGB4933,C9,U1
t__SGB4933,U5,Z12
t__SGB4933,U8,Z2
t__SGB4933,U8,Z4
t__SGB4933,C5,U8
t__SGB4933,Z11,Z5
t__SGB4933,Z11,Z6
t__SGB4938,ERR14760504,ERR14760809
t__SGB4938,C11,U5
t__SGB4938,C1,C11
t__SGB4938,C1,U5
t__SGB4938,C12,U12
t__SGB4938,C5,C7
t__SGB4938,C5,Z9
t__SGB4940,ERR14760426,ERR14760526
t__SGB4940,ERR14760561,ERR14760704
t__SGB4940,ERR14760561,ERR14760637
t__SGB4940,ERR14760561,ERR14760695
t__SGB4940,ERR14760864,ERR14760865
t__SGB4940,C7,U12
t__SGB4940,ERR14760441,ERR14760704
t__SGB4940,C10,C7
t__SGB4940,C10,C2
t__SGB4940,ERR14760704,ERR14760762
t__SGB4940,ERR14760704,ERR14760840
t__SGB4940,ERR14760762,ERR14760840
t__SGB4940,ERR14760436,ERR14760561
t__SGB4940,ERR14760436,ERR14760704
t__SGB4940,ERR14760436,ERR14760637
t__SGB4940,ERR14760436,ERR14760603
t__SGB4940,ERR14760436,ERR14760695
t__SGB4940,ERR14760637,ERR14760704
t__SGB4940,ERR14760637,ERR14760695
t__SGB4940,ERR14760603,ERR14760704
t__SGB4940,ERR14760603,ERR14760637
t__SGB4940,ERR14760603,ERR14760695
t__SGB4940,ERR14760695,ERR14760704
t__SGB4940,ERR14760695,ERR14760762
t__SGB4940,ERR14760695,ERR14760840
t__SGB4940,C1,Z2
t__SGB4940,C5,U6
t__SGB4940,Z7,Z9
t__SGB4940,Z3,Z6
t__SGB4940,U5,Z1
t__SGB4940,U3,Z2
t__SGB4940,U3,U6
t__SGB4940,ERR14760509,ERR14760561
t__SGB4940,ERR14760526,ERR14760561
t__SGB4993,C1,U3
t__SGB4993,U3,Z10
t__SGB4993,U3,Z6
t__SGB4993,U3,U6
t__SGB4993,C12,U4
t__SGB4993,C7,U11
t__SGB4993,C7,U9
t__SGB4993,C7,U2
t__SGB4993,C7,Z7
t__SGB4993,C7,U8
t__SGB4993,C11,C7
t__SGB4993,U11,U9
t__SGB4993,U11,U2
t__SGB4993,U11,Z4
t__SGB4993,U11,Z7
t__SGB4993,U11,U8
t__SGB4993,U9,Z7
t__SGB4993,U2,U9
t__SGB4993,U2,U8
t__SGB4993,C10,C7
t__SGB4993,C10,U11
t__SGB4993,C10,U9
t__SGB4993,C10,U2
t__SGB4993,C10,Z7
t__SGB4993,C10,C5
t__SGB4993,C10,U8
t__SGB4993,U1,U8
t__SGB4993,C3,U11
t__SGB4993,C3,Z4
t__SGB4993,C3,Z7
t__SGB4993,C3,C5
t__SGB4993,C3,U8
t__SGB4993,Z4,Z7
t__SGB4993,C5,C7
t__SGB4993,C5,U11
t__SGB4993,C5,U9
t__SGB4993,C5,U2
t__SGB4993,C5,Z4
t__SGB4993,C5,Z7
t__SGB4993,C5,U8
t__SGB4993,U8,U9
t__SGB4993,U8,Z4
t__SGB4993,U8,Z7
t__SGB4993,ERR14760460,ERR14760611
t__SGB5065,U6,U9
t__SGB5065,C5,U12
t__SGB5065,ERR14760865,ERR14760867
t__SGB5065,C2,C9
t__SGB5065,ERR14760561,ERR14760865
t__SGB5065,U7,Z2
t__SGB5065,C10,U7
t__SGB5065,C10,Z2
t__SGB5082,C10,Z12
t__SGB5082,C10,U2
t__SGB5082,C10,C5
t__SGB5082,U1,U2
t__SGB5082,U2,Z12
t__SGB5082,ERR14760435,ERR14760628
t__SGB5082,ERR14760603,ERR14760810
t__SGB5082,ERR14760619,ERR14760637
t__SGB5082,ERR14760786,ERR14760867
t__SGB5082,ERR14760611,ERR14760786
t__SGB5082,ERR14760611,ERR14760867
t__SGB5082,ERR14760561,ERR14760786
t__SGB5082,ERR14760561,ERR14760611
t__SGB5082,ERR14760561,ERR14760867
t__SGB5082,ERR14760538,ERR14760606
t__SGB5082,C5,Z12
t__SGB5082,C5,U2
t__SGB5111,ERR14760436,ERR14760786
t__SGB5111,ERR14760436,ERR14760606
t__SGB5111,ERR14760436,ERR14760844
t__SGB5111,ERR14760644,ERR14760810
t__SGB5111,C10,Z12
t__SGB5190,ERR14760611,ERR14760619
t__SGB5190,ERR14760611,ERR14760867
t__SGB5190,ERR14760619,ERR14760867
t__SGB5190,ERR14760561,ERR14760611
t__SGB5190,ERR14760561,ERR14760619
t__SGB5190,ERR14760561,ERR14760867
t__SGB5190,U4,Z7
t__SGB5190,U10,U4
t__SGB5190,ERR14760576,ERR14760847
t__SGB5190,ERR14760426,ERR14760509
t__SGB5239,C12,U9
t__SGB5239,C12,U11
t__SGB5239,C12,C6
t__SGB5239,C12,Z6
t__SGB5239,C12,U5
t__SGB5239,C12,Z10
t__SGB5239,U8,Z5
t__SGB5239,U3,U9
t__SGB5239,C9,U3
t__SGB5239,C9,U9
t__SGB5239,C9,Z2
t__SGB5239,C9,U11
t__SGB5239,U9,Z2
t__SGB5239,U9,Z3
t__SGB5239,U9,Z6
t__SGB5239,U11,U3
t__SGB5239,U11,U9
t__SGB5239,U11,Z2
t__SGB5239,U11,Z3
t__SGB5239,C6,U8
t__SGB5239,C6,U3
t__SGB5239,C6,C9
t__SGB5239,C6,U9
t__SGB5239,C6,Z2
t__SGB5239,C6,U11
t__SGB5239,C6,U7
t__SGB5239,C6,Z12
t__SGB5239,C6,Z11
t__SGB5239,C6,Z3
t__SGB5239,C6,Z6
t__SGB5239,C6,U5
t__SGB5239,C6,Z10
t__SGB5239,Z12,Z3
t__SGB5239,Z11,Z3
t__SGB5239,U5,Z6
t__SGB5239,Z10,Z6
t__SGB5239,C1,C12
t__SGB5752,U6,Z5
t__SGB5752,U6,Z2
t__SGB5752,U6,Z1
t__SGB5752,U6,Z3
t__SGB5752,U6,U9
t__SGB5752,U6,Z9
t__SGB5752,U6,Z10
t__SGB5752,Z2,Z5
t__SGB5752,Z2,Z3
t__SGB5752,Z1,Z5
t__SGB5752,Z1,Z2
t__SGB5752,Z1,Z3
t__SGB5752,Z3,Z5
t__SGB5752,U9,Z5
t__SGB5752,U9,Z2
t__SGB5752,U9,Z1
t__SGB5752,U9,Z3
t__SGB5752,U9,Z10
t__SGB5752,U4,U6
t__SGB5752,U4,Z5
t__SGB5752,U4,Z2
t__SGB5752,U4,Z1
t__SGB5752,U4,Z3
t__SGB5752,U4,U9
t__SGB5752,U4,Z9
t__SGB5752,U4,Z10
t__SGB5752,U1,U4
t__SGB5752,U1,Z9
t__SGB5752,ERR14760442,ERR14760509
t__SGB5752,C11,U11
t__SGB5752,C11,Z6
t__SGB5752,C11,C7
t__SGB5752,C11,C8
t__SGB5752,C11,Z10
t__SGB5752,U11,Z6
t__SGB5752,U11,Z10
t__SGB5752,C7,C8
t__SGB5752,C7,Z4
t__SGB5752,C7,Z10
t__SGB5752,C8,Z4
t__SGB5752,C8,Z10
t__SGB5752,U3,Z4
t__SGB5752,U3,Z10
t__SGB5752,C1,Z4
t__SGB5752,C1,Z10
t__SGB5752,Z10,Z5
t__SGB5752,Z10,Z2
t__SGB5752,Z10,Z6
t__SGB5752,Z10,Z4
t__SGB5763,C9,U4
t__SGB5763,C9,U3
t__SGB5763,C9,U12
t__SGB5763,C5,C9
t__SGB5763,C6,C9
t__SGB5763,C6,Z9
t__SGB5763,C6,U3
t__SGB5763,C6,U6
t__SGB5763,C6,U12
t__SGB5763,C4,U3
t__SGB5763,C4,U6
t__SGB5763,U3,Z10
t__SGB5763,U3,Z5
t__SGB5763,U3,Z6
t__SGB5763,U3,Z4
t__SGB5763,U3,U9
t__SGB5763,U3,U6
t__SGB5763,C8,U3
t__SGB5763,C8,Z10
t__SGB5763,C8,Z6
t__SGB5763,C8,U9
t__SGB5763,C8,U6
t__SGB5763,Z10,Z6
t__SGB5763,Z5,Z6
t__SGB5763,ERR14760426,ERR14760809
t__SGB5763,U9,Z10
t__SGB5763,U9,Z4
t__SGB5763,U11,U3
t__SGB5763,U11,U9
t__SGB5763,C12,U3
t__SGB5763,C12,Z10
t__SGB5763,C12,U9
t__SGB5763,C12,Z2
t__SGB5763,C12,Z3
t__SGB5763,C12,U8
t__SGB5763,C12,U6
t__SGB5763,U6,Z10
t__SGB5763,U6,U9
t__SGB5763,U12,U4
t__SGB5763,U12,U3
t__SGB5763,U12,U6
t__SGB5763,C10,Z1
t__SGB5763,C1,C11
t__SGB5763,C1,Z7
t__SGB5763,C1,U5
t__SGB5763,U5,Z7
t__SGB5763,C7,Z12
t__SGB5763,C7,Z11
t__SGB5763,C3,C7
t__SGB5763,C3,Z12
t__SGB5809,ERR14760509,ERR14760648
t__SGB5809,ERR14760509,ERR14760606
t__SGB5809,ERR14760509,ERR14760620
t__SGB5809,ERR14760620,ERR14760650
t__SGB5809,C11,Z5
t__SGB5809,C11,Z6
t__SGB5809,Z5,Z6
t__SGB5809,ERR14760504,ERR14760770
t__SGB5809,C9,Z6
t__SGB5809,C8,U3
t__SGB5809,U3,U9
t__SGB5809,U3,Z4
t__SGB5809,U3,U5
t__SGB5809,U3,Z1
t__SGB5809,U3,U7
t__SGB5809,U3,Z11
t__SGB5809,C1,C8
t__SGB5809,C1,U3
t__SGB5809,C1,U9
t__SGB5809,C1,Z4
t__SGB5809,C1,U5
t__SGB5809,C1,C5
t__SGB5809,C1,Z1
t__SGB5809,C1,U7
t__SGB5809,C1,Z11
t__SGB5809,U5,Z3
t__SGB5809,U5,U7
t__SGB5809,U5,Z11
t__SGB5809,C6,U8
t__SGB5809,C6,U12
t__SGB5809,U12,U8
t__SGB5809,C5,U3
t__SGB5809,C5,U5
t__SGB5809,C5,Z1
t__SGB5809,C5,U7
t__SGB5809,C5,Z11
t__SGB5809,Z1,Z11
t__SGB5809,C7,Z11
t__SGB5809,ERR14760618,ERR14760704
t__SGB5809,ERR14760447,ERR14760704
t__SGB5809,ERR14760447,ERR14760670
t__SGB5809,ERR14760670,ERR14760704
t__SGB5809,ERR14760653,ERR14760670
t__SGB5809,U7,Z1
t__SGB5809,U7,Z11
t__SGB5809,Z11,Z3
t__SGB5906,ERR14760538,ERR14760606
t__SGB5906,U11,Z3
t__SGB5906,U11,Z12
t__SGB5906,Z12,Z3
t__SGB5906,C8,U11
t__SGB5906,ERR14760509,ERR14760561
t__SGB5906,ERR14760509,ERR14760611
t__SGB5906,ERR14760561,ERR14760611
t__SGB5906,ERR14760695,ERR14760864
t__SGB5906,ERR14760695,ERR14760867
t__SGB5906,ERR14760695,ERR14760865
t__SGB5906,ERR14760436,ERR14760695
t__SGB5906,ERR14760436,ERR14760864
t__SGB5906,ERR14760436,ERR14760867
t__SGB5906,ERR14760436,ERR14760442
t__SGB5906,ERR14760436,ERR14760865
t__SGB5906,ERR14760864,ERR14760865
t__SGB5906,ERR14760442,ERR14760695
t__SGB5906,ERR14760442,ERR14760867
t__SGB5906,ERR14760442,ERR14760865
t__SGB5906,ERR14760865,ERR14760867
t__SGB5906,ERR14760603,ERR14760847
t__SGB5906,U5,U8
t__SGB5906,U5,Z8
t__SGB5906,U8,Z8
t__SGB5906,C11,U5
t__SGB5906,C11,U8
t__SGB5906,C11,Z8
t__SGB6179,C12,Z7
t__SGB6179,C12,C5
t__SGB6179,C12,C9
t__SGB6179,C12,Z1
t__SGB6179,C12,U5
t__SGB6179,C12,U11
t__SGB6179,C12,Z9
t__SGB6179,C12,U10
t__SGB6179,C10,C12
t__SGB6179,C10,C5
t__SGB6179,C10,U5
t__SGB6179,C10,U11
t__SGB6179,C10,U10
t__SGB6179,C5,U10
t__SGB6179,C9,U5
t__SGB6179,C9,U10
t__SGB6179,Z1,Z9
t__SGB6179,U5,Z1
t__SGB6179,U5,Z6
t__SGB6179,U5,Z9
t__SGB6179,U5,U6
t__SGB6179,U11,Z1
t__SGB6179,U11,Z6
t__SGB6179,U11,U5
t__SGB6179,U11,Z9
t__SGB6179,U11,U6
t__SGB6179,C11,U5
t__SGB6179,C11,U11
t__SGB6179,C4,U5
t__SGB6179,C4,U11
t__SGB6179,U6,Z9
t__SGB6179,U10,Z7
t__SGB6179,U10,Z1
t__SGB6179,U10,U5
t__SGB6179,U10,U11
t__SGB6179,U10,Z9
t__SGB6461,C8,C9
t__SGB6461,C8,Z4
t__SGB6461,C9,U5
t__SGB6461,C11,U9
t__SGB6461,U12,U6
t__SGB6461,C6,C8
t__SGB6461,C6,C9
t__SGB6461,C6,U5
t__SGB6461,C6,Z4
t__SGB6796,C2,U11
t__SGB6796,C2,C7
t__SGB6796,C10,C2
t__SGB6796,C10,U11
t__SGB6796,C10,C7
t__SGB6796,C10,Z8
t__SGB6796,C10,C8
t__SGB6796,C11,Z6
t__SGB6796,U4,U7
t__SGB6796,Z11,Z12
t__SGB6796,C7,U11
t__SGB6796,C7,Z8
t__SGB6796,C7,C8
t__SGB6796,C8,Z8
t__SGB6796,C3,Z9
t__SGB6796,U5,Z7
t__SGB6796,ERR14760606,ERR14760786
t__SGB6806,C8,C9
t__SGB6806,C4,C9
t__SGB6806,C4,C8
t__SGB6806,U2,Z4
t__SGB6806,C3,U1
t__SGB6806,U12,Z11
t__SGB6823,C11,Z6
t__SGB6823,C11,U5
t__SGB6823,C11,Z3
t__SGB6823,Z6,Z7
t__SGB6823,U6,Z6
t__SGB6823,U6,Z7
t__SGB6823,U6,Z2
t__SGB6823,Z2,Z6
t__SGB6823,Z2,Z7
t__SGB6823,C6,Z10
t__SGB6823,C6,U8
t__SGB6823,C1,Z9
t__SGB6823,ERR14760619,ERR14760620
t__SGB6823,U5,Z3
t__SGB6823,Z3,Z6
t__SGB6836,U6,Z8
t__SGB6836,C4,U6
t__SGB6836,C4,U11
t__SGB6836,C4,Z8
t__SGB6836,U11,U6
t__SGB6836,U11,Z8
t__SGB6836,U2,U4
t__SGB6836,U2,Z7
t__SGB6836,U2,Z1
t__SGB6836,U2,U8
t__SGB6836,U2,Z3
t__SGB6836,U2,U9
t__SGB6836,U2,Z11
t__SGB6836,U2,Z12
t__SGB6836,C3,U2
t__SGB6836,C3,U4
t__SGB6836,C3,Z7
t__SGB6836,C3,Z1
t__SGB6836,C3,C9
t__SGB6836,C3,Z3
t__SGB6836,C3,U9
t__SGB6836,U4,Z7
t__SGB6836,U4,Z1
t__SGB6836,U4,U8
t__SGB6836,U4,Z3
t__SGB6836,U4,U9
t__SGB6836,C2,U2
t__SGB6836,C2,C3
t__SGB6836,C2,U4
t__SGB6836,C2,Z7
t__SGB6836,C2,Z1
t__SGB6836,C2,C8
t__SGB6836,C2,U8
t__SGB6836,C2,C9
t__SGB6836,C2,Z3
t__SGB6836,C2,U9
t__SGB6836,Z1,Z7
t__SGB6836,C8,U2
t__SGB6836,C8,U4
t__SGB6836,C8,U8
t__SGB6836,C8,C9
t__SGB6836,C8,Z3
t__SGB6836,C8,U9
t__SGB6836,U8,Z3
t__SGB6836,U8,U9
t__SGB6836,C9,U2
t__SGB6836,C9,U4
t__SGB6836,C9,U8
t__SGB6836,C9,Z3
t__SGB6836,C9,U9
t__SGB6836,U9,Z7
t__SGB6836,U9,Z1
t__SGB6836,U9,Z3
t__SGB6836,U9,Z9
t__SGB6836,U9,Z11
t__SGB6836,U9,Z12
t__SGB6836,U12,U2
t__SGB6836,U12,U9
t__SGB6836,U12,Z11
t__SGB6836,U12,Z12
t__SGB6836,C5,U2
t__SGB6836,C5,U9
t__SGB6836,C5,U12
t__SGB6836,C5,Z11
t__SGB6836,C5,Z12
t__SGB6836,C10,U9
t__SGB6836,C10,U12
t__SGB6836,C10,C5
t__SGB6836,C10,Z11
t__SGB6836,C10,Z12
t__SGB6836,Z11,Z12
t__SGB6836,Z12,Z5
t__SGB6836,U3,U7
t__SGB6836,C11,Z2
t__SGB6836,C11,C12
t__SGB6836,C12,Z2
t__SGB6836,C12,Z4
t__SGB6836,C12,U5
t__SGB6836,U5,Z4
t__SGB9273,ERR14760538,ERR14760606
t__SGB9273,ERR14760504,ERR14760648
t__SGB9712_group,ERR14760611,ERR14760631
t__SGB9712_group,ERR14760435,ERR14760526
t__SGB9712_group,U5,U8
t__SGB9712_group,U5,Z2
t__SGB9712_group,U5,Z9
t__SGB9712_group,U8,Z2
t__SGB9712_group,U8,Z9
t__SGB9712_group,C5,U5
t__SGB9712_group,C5,U2
t__SGB9712_group,C5,C9
t__SGB9712_group,C5,Z2
t__SGB9712_group,C5,Z9
t__SGB9712_group,C12,U5
t__SGB9712_group,C12,C5
t__SGB9712_group,C12,U2
t__SGB9712_group,C12,C9
t__SGB9712_group,C12,Z2
t__SGB9712_group,C12,Z9
t__SGB9712_group,C10,U5
t__SGB9712_group,C10,U8
t__SGB9712_group,C10,C5
t__SGB9712_group,C10,C12
t__SGB9712_group,C10,U2
t__SGB9712_group,C10,C9
t__SGB9712_group,C10,Z2
t__SGB9712_group,C10,U11
t__SGB9712_group,C10,U12
t__SGB9712_group,C10,Z9
t__SGB9712_group,U2,U5
t__SGB9712_group,U2,Z2
t__SGB9712_group,U2,Z9
t__SGB9712_group,C9,U5
t__SGB9712_group,C9,U2
t__SGB9712_group,C9,Z2
t__SGB9712_group,C9,U11
t__SGB9712_group,C9,U12
t__SGB9712_group,C9,Z9
t__SGB9712_group,Z2,Z9
t__SGB9712_group,U11,U2
t__SGB9712_group,U11,Z2
t__SGB9712_group,U11,U12
t__SGB9712_group,U11,Z9
t__SGB9712_group,U12,U5
t__SGB9712_group,U12,U2
t__SGB9712_group,U12,Z2
t__SGB9712_group,U12,Z9
